{
  "epoch": 20,
  "baseline_score": 0.775,
  "candidate_score": 0.775,
  "accepted": false,
  "prune_baseline_score": null,
  "prune_candidate_score": null,
  "prune_accepted": null,
  "weights": [
    0.3370122188618685,
    -0.4248950449522635,
    0.09030581992772757,
    0.5623675237537098,
    0.8222593607242481,
    -0.8457062750607061,
    -0.727488096674356,
    0.22034642321761067,
    0.7373967707259543,
    0.04059991070710023,
    0.6988775596226786,
    0.6296500313137405,
    -0.4766406581642102,
    0.23202983026384905,
    0.33610715752081566,
    -0.15471854305492228,
    0.6911771136462024,
    0.11427689640173067,
    -0.3941180032459568,
    -0.0614636066399763,
    -0.8841973204535614,
    0.9761111235024644,
    0.9611789493342917,
    -0.13107782119908284,
    0.3480752077871634,
    0.5064377926705306,
    0.3905984422762674,
    1.301748767448653,
    0.235959463559414,
    -1.1712163474269153,
    0.4190723416976532,
    -0.4074105259841012,
    0.7426288282325899,
    -0.1645343074064889,
    1.1025497152406811,
    1.0117819610411267,
    0.05390830137224567,
    0.34248870539833365,
    0.429375737517109,
    -1.2665734973948186,
    0.6348069156247875,
    -0.18643716959830958,
    0.08240570928652469,
    0.21916164801453886,
    -0.6829779176967756,
    -0.7576762145408142,
    0.09590005782588218,
    0.16776083946071196,
    -0.8041845015497364,
    0.1376461445230528,
    -0.2324086819106399,
    -0.048634377417482666,
    -0.010518313264228807,
    -0.031025373656876853,
    0.28479548337796357,
    0.5935687643817791,
    1.0206675644883467,
    -0.40216366490626676,
    -1.1504218918932159,
    0.47457115371583125,
    -0.27789361746378893,
    -0.6509144429505731,
    -0.8588390075847125,
    0.41893775755641016,
    0.01771019626358683,
    -1.3925255536161996,
    0.9545998560778968,
    -0.1452692856423361,
    -0.21438333199732829,
    0.9117438783963538,
    -0.23236352635487978,
    0.24464949975420502,
    -0.10971193136356971,
    -0.9942175830629816,
    -0.7979491875173776,
    1.4388139927516328,
    -0.531184765207434,
    0.2021844614352346,
    0.39349557877761643,
    -0.23013773744522692,
    -0.8168934502984364,
    0.04717278444589357,
    -0.39647600513252335,
    -0.8290573800309442,
    -0.35450448929170975,
    0.42781952419057423,
    -0.8547968027265043,
    0.05953172981016386,
    -0.8764395391673085,
    0.6974896169668601,
    -0.6086940661086988,
    0.24665421364350926,
    -0.23302038217707555,
    -0.3253317558885882,
    -0.22053740385403464,
    0.2863341115447524,
    0.3729497163689304,
    -0.09155101398647414,
    1.1887178484676413,
    0.19817862472762982,
    0.191576946903794,
    -1.2726273271750224,
    -0.04540519583806968,
    0.10769457262828452,
    -0.2996199343123118,
    0.12652343782217224,
    -0.9214731692698321,
    -0.8554814603438927,
    -0.8316244867500622,
    0.29533132397251816,
    -0.10112521367313998,
    -0.5056929647610271,
    -0.06053034031435578,
    0.5821533920831772,
    0.07277467117676584,
    -0.2241950557292416,
    -0.3478624510199446,
    0.037797685409338255,
    0.3005327246797096,
    0.7248614479384001,
    -0.9664784171730079,
    -0.06831198403371785,
    -0.577751757178695,
    0.30220406747310813,
    0.6360617987814825,
    -0.8038757287238587,
    -0.5021361244528539,
    -0.40609188041527555,
    -0.9985666512843834,
    0.9215197878762031,
    -0.7394826033386122,
    -0.14858181376980517,
    -0.8430238985844984,
    -1.195750161411524,
    -0.3044142212845409,
    -0.18130563597558935,
    -1.3387078076903682,
    0.2981646570558838,
    -0.8912354844693686,
    1.226535037463146,
    -0.33967475330865127,
    -0.8358650505020606,
    -0.14257008893296375,
    -0.8954257780887918,
    -0.6212913675357696,
    0.20421675523613203,
    0.3181765698767536,
    -0.43912063097768494,
    0.6218716744747426,
    -0.7904482312987617,
    0.34406747187777786,
    0.6328902497029014,
    -1.3465538905744818,
    -0.23177031320892438,
    -0.3562547773115916,
    0.9440950384005211,
    -0.4541355826893496,
    -0.148506835212316,
    -0.8239819456544717,
    -0.8296133896920603,
    -0.21940267701573735,
    -0.2100714588310777,
    0.34998853216917114,
    -0.6752632059012471,
    0.3646187974371766,
    -0.15092937513203508,
    -0.05033567620328072,
    0.8652335692478765,
    0.7856568406099866,
    0.47554165521622127,
    -0.16016583568659315,
    0.5452145904682293,
    -1.2949498056196376,
    -0.37576687561378086,
    1.0740011507671188,
    -0.02438967373747758,
    0.9174040390768678,
    -1.0362721385379348,
    0.23074648762211591,
    -0.15825269479354453,
    -0.7589115025929882,
    -0.986627584893337,
    1.1644050986269514,
    0.7781658430197651,
    -0.6936218576083277,
    -0.8206061509280489,
    -0.49267860545875797,
    -0.8817129912302246,
    0.5582517791956074,
    -0.5379662213255572,
    -0.556796376465801,
    0.5637454477420913,
    -0.5296709180369248,
    0.5065330510022279,
    -0.6384385479322401,
    0.3360870611204374,
    -0.6416981384252534,
    -0.7341001109727372,
    -1.3820553892767984,
    -0.06188324392342959,
    0.5526134349198233,
    -0.6931224052049214,
    -0.2727364573289661,
    -0.3422111386880755,
    0.9685055957183981,
    -0.4882911473082976,
    0.60563724897429,
    0.7734496339218337,
    0.2838869601480851,
    1.2112556712747617,
    -0.48097630453609774,
    -0.6371601413795089,
    -0.11579060170849709,
    -0.09041489208064557,
    0.9847623177604325,
    0.5579790257260131,
    0.025857144253805142,
    -0.6766800572542602,
    -1.452024441204703,
    -0.4473967970589834,
    -0.20623509061184042,
    -0.1391804696679464,
    0.15264870782328477,
    0.08813142520794082,
    -0.07714745380093557,
    0.14005333018824317,
    -0.7027200584948055,
    0.07624520101935772,
    -0.8599595973519722,
    0.06091352171441655,
    -0.8803434198296303,
    0.8704102554081954,
    -0.6009313359724697,
    -0.38264702040130616,
    0.7334388695936009,
    -0.0030509837595467104,
    -0.828920835875192,
    -1.278009838808569,
    0.5432600242892258,
    -0.692124154263903,
    0.19469485793200403,
    1.2515668023446818,
    -0.9174680570799869,
    0.26426406303154604,
    0.5064995544846342,
    -0.3013725436504642,
    0.28220230833489945,
    -0.06849616575834294,
    0.7664751188791767,
    0.9229824691314661,
    0.7383146105766019,
    1.010365641342981,
    0.6218057360955116,
    -1.4269893652716805,
    -0.510843492786174,
    0.3508565793495442,
    0.5183952268969119,
    -0.891200787789461,
    1.2217946575316994,
    -0.1836650170479377,
    0.6856070066061766,
    -0.34634352549112024,
    0.4776343602056592,
    0.7156617937434262,
    -0.47655709371954047,
    -0.15180645143167348,
    0.21669079454392404,
    0.1261388072777736,
    -0.35838392473883407,
    0.32505758116664785,
    0.014099945791803181,
    -0.39619530899222144,
    0.5269096147990608,
    0.7124780408424523,
    -0.9269276900966652,
    -0.48374124158617793,
    -0.5812079901693701,
    -0.6856849098084061,
    -0.3378751913977118,
    0.4852997759156219,
    -0.8434698373249832,
    0.2402138389780557,
    -0.31050403389710635,
    0.4462510366117811,
    -0.7662082725861814,
    1.1748332372054864,
    0.5435418558876066,
    1.4111613686751427,
    0.8110667426137581,
    -0.3949583615502694,
    0.23704344377475817,
    0.14916078360861018,
    -0.5615639593393051,
    -0.5053291296566798,
    -0.240074333999166,
    -0.0029350114270731975,
    -0.4909236632595815,
    0.22746951375573166,
    -0.4178717948978039,
    -0.24288569521666536,
    0.2377398990252262,
    -0.30043299271124035,
    -0.3496295713011093,
    0.7333345718115996,
    0.27354315058987044,
    0.30533190552454736,
    0.6426780866390716,
    0.4644623757784463,
    0.8860788475431007,
    0.6654575969152248,
    0.4627483333594624,
    0.5007905813782141,
    -0.8450774584403393,
    -1.432768531756124,
