{
  "epoch": 20,
  "baseline_error": 3.0,
  "candidate_error": 5.0,
  "accepted": false,
  "weights": [
    1.0,
    1.0,
    1.0,
    1.2000000000000002,
    0.8,
    0.8,
    0.8,
    0.8,
    0.8,
    1.2000000000000002,
    0.6000000000000001,
    1.0,
    0.40000000000000013,
    1.2000000000000002,
    1.2000000000000002,
    1.8000000000000007,
    1.0,
    0.6000000000000001,
    1.4000000000000004,
    0.6000000000000001,
    0.6000000000000001,
    0.8,
    1.2000000000000002,
    0.6000000000000001,
    0.8,
    0.8,
    1.2000000000000002,
    1.0,
    0.6000000000000001,
    1.2000000000000002,
    1.2000000000000002,
    1.2000000000000002,
    1.4000000000000004,
    0.8,
    1.2000000000000002,
    0.6000000000000001,
    0.6000000000000001,
    1.0,
    1.2000000000000002,
    1.2000000000000002,
    1.0,
    1.2000000000000002,
    1.2000000000000002,
    0.6000000000000001,
    0.40000000000000013,
    0.6000000000000001,
    1.4000000000000004,
    1.0,
    0.30000000000000004,
    0.7,
    0.8999999999999999,
    -0.3,
    0.5,
    1.0999999999999999,
    0.30000000000000004,
    0.7,
    0.10000000000000003,
    0.30000000000000004,
    0.7,
    0.5,
    0.30000000000000004,
    0.30000000000000004,
    0.7,
    0.30000000000000004,
    0.8999999999999999,
    0.8999999999999999,
    0.7,
    0.30000000000000004,
    0.5,
    0.8999999999999999,
    0.7,
    0.7,
    0.30000000000000004,
    0.30000000000000004,
    0.5,
    0.30000000000000004,
    0.8999999999999999,
    0.30000000000000004,
    0.8,
    0.8,
    1.0,
    1.2000000000000002,
    1.4000000000000004,
    1.0,
    1.2000000000000002,
    0.6000000000000001,
    0.40000000000000013,
    1.2000000000000002,
    1.2000000000000002,
    0.8,
    1.4000000000000004,
    1.2000000000000002,
    1.2000000000000002,
    1.0,
    0.6000000000000001,
    1.0,
    1.2000000000000002,
    1.2000000000000002,
    1.4000000000000004,
    1.2000000000000002,
    0.6000000000000001,
    1.2000000000000002,
    1.0,
    0.6000000000000001,
    1.0,
    1.2000000000000002,
    1.0,
    0.8,
    0.8,
    1.0,
    1.0,
    1.0,
    0.8,
    0.40000000000000013,
    0.8,
    0.8,
    1.0,
    0.8,
    1.4000000000000004,
    0.6000000000000001,
    1.2000000000000002,
    0.8,
    1.2000000000000002,
    1.2000000000000002,
    1.2000000000000002,
    0.8
  ]
}