{
  "epoch": 920,
  "baseline_score": 0.7175,
  "candidate_score": 0.59,
  "accepted": false,
  "weights": [
    0.49999999999999994,
    1.2999999999999998,
    -0.7,
    2.0999999999999996,
    -0.3000000000000001,
    0.8999999999999999,
    1.2999999999999998,
    -0.29999999999999993,
    -0.3000000000000001,
    0.49999999999999994,
    -0.7,
    0.49999999999999994,
    0.8999999999999999,
    -0.29999999999999993,
    -0.3000000000000001,
    0.49999999999999994,
    1.2999999999999998,
    0.49999999999999994,
    0.09999999999999992,
    0.09999999999999992,
    0.09999999999999998,
    -0.7,
    0.49999999999999994,
    -1.5,
    -0.3000000000000001,
    0.09999999999999998,
    -0.7,
    0.09999999999999998,
    0.09999999999999992,
    -1.0999999999999999,
    0.09999999999999992,
    0.09999999999999992,
    1.2999999999999998,
    -0.3,
    0.8999999999999999,
    1.2999999999999998,
    0.09999999999999992,
    1.2999999999999998,
    0.09999999999999992,
    0.49999999999999994,
    -0.7000000000000002,
    0.8999999999999999,
    1.2999999999999998,
    0.8999999999999999,
    -0.3000000000000001,
    0.49999999999999994,
    -0.30000000000000004,
    -0.30000000000000004,
    -0.3000000000000001,
    0.49999999999999994,
    0.8999999999999999,
    0.8999999999999999,
    0.8999999999999999,
    -1.0999999999999999,
    1.6999999999999997,
    0.49999999999999994,
    -0.3000000000000001,
    -0.3,
    1.2999999999999998,
    -0.29999999999999993,
    1.6999999999999997,
    0.49999999999999994,
    1.2999999999999998,
    0.09999999999999992,
    0.49999999999999994,
    1.2999999999999998,
    -0.3,
    -0.3000000000000001,
    0.49999999999999994,
    -0.3000000000000001,
    0.09999999999999992,
    2.0999999999999996,
    -0.29999999999999993,
    1.2999999999999998,
    0.8999999999999999,
    0.8999999999999999,
    1.6999999999999997,
    0.49999999999999994,
    -0.29999999999999993,
    0.8999999999999999,
    1.2999999999999998,
    0.49999999999999994,
    0.49999999999999994,
    0.49999999999999994,
    1.2999999999999998,
    0.5,
    -0.7,
    0.8999999999999999,
    0.5,
    2.5,
    1.2999999999999998,
    -0.3000000000000001,
    0.49999999999999994,
    -1.0999999999999999,
    0.8999999999999999,
    0.49999999999999994,
    0.09999999999999992,
    0.8999999999999999,
    0.09999999999999992,
    0.8999999999999999,
    1.2999999999999998,
    1.2999999999999998,
    0.49999999999999994,
    0.49999999999999994,
    -0.3000000000000001,
    1.2999999999999998,
    0.09999999999999998,
    -0.3000000000000001,
    -0.3000000000000001,
    -1.0999999999999999,
    -0.3000000000000002,
    0.8999999999999999,
    0.8999999999999999,
    0.49999999999999994,
    0.49999999999999994,
    0.09999999999999992,
    0.8999999999999999,
    0.49999999999999994,
    2.0999999999999996,
    0.8999999999999999,
    1.6999999999999997,
    0.8999999999999999,
    0.8999999999999999,
    0.49999999999999994,
    0.49999999999999994,
    0.49999999999999994,
    1.6999999999999997,
    -0.3000000000000002,
    0.09999999999999992,
    0.49999999999999994,
    1.2999999999999998,
    0.49999999999999994,
    0.49999999999999994,
    -0.3,
    1.6999999999999997,
    -0.3000000000000001,
    0.09999999999999998,
    0.8999999999999999,
    -0.7,
    0.49999999999999994,
    0.8999999999999999,
    0.10000000000000009,
    1.2999999999999998,
    -0.29999999999999993,
    0.8999999999999999,
    0.8999999999999999,
    0.49999999999999994,
    0.09999999999999992,
    0.09999999999999981,
    -1.1,
    1.2999999999999998,
    -0.3,
    1.2999999999999998,
    0.49999999999999994,
    2.0999999999999996,
    1.6999999999999997,
    1.6999999999999997,
    0.10000000000000003,
    -0.30000000000000004,
    -0.30000000000000004,
    0.49999999999999994,
    -0.3000000000000001,
    -0.3000000000000001,
    0.5,
    2.0999999999999996,
    0.5,
    0.49999999999999994,
    0.09999999999999992,
    0.49999999999999994,
    0.49999999999999994,
    0.8999999999999999,
    0.8999999999999999,
    -0.7,
    0.09999999999999992,
    0.49999999999999994,
    0.09999999999999992,
    -0.7000000000000002,
    -1.4999999999999998,
    0.8999999999999999,
    0.49999999999999994,
    0.8999999999999999,
    -0.7,
    0.8999999999999999,
    0.8999999999999999
  ]
}