{
  "epoch": 1480,
  "baseline_error": 0.0,
  "candidate_error": 4.0,
  "accepted": false,
  "weights": [
    1.3000000000000003,
    1.5000000000000004,
    0.5000000000000001,
    0.10000000000000014,
    0.7000000000000001,
    0.5000000000000001,
    1.1,
    0.30000000000000016,
    0.9,
    1.1,
    -0.09999999999999987,
    0.5000000000000001,
    0.30000000000000016,
    1.9000000000000008,
    1.1,
    1.9000000000000008,
    0.9,
    0.7000000000000001,
    0.9,
    -0.09999999999999987,
    0.7000000000000001,
    0.7000000000000001,
    1.1,
    0.7000000000000001,
    0.10000000000000014,
    0.9,
    1.3000000000000003,
    1.3000000000000003,
    0.30000000000000016,
    1.9000000000000008,
    1.3000000000000003,
    1.1,
    1.1,
    0.7000000000000001,
    1.5000000000000004,
    0.7000000000000001,
    0.9,
    1.3000000000000003,
    1.7000000000000006,
    1.5000000000000004,
    1.3000000000000003,
    0.9,
    0.7000000000000001,
    0.5000000000000001,
    0.30000000000000016,
    0.7000000000000001,
    1.1,
    1.1,
    0.4,
    1.2,
    0.7999999999999999,
    0.4,
    0.7999999999999999,
    0.4,
    0.6,
    1.6000000000000003,
    -0.4,
    0.4,
    1.6000000000000003,
    -0.4,
    -0.4,
    1.2,
    1.4000000000000001,
    0.6,
    1.2,
    0.4,
    0.6,
    0.20000000000000004,
    0.4,
    1.4000000000000001,
    1.4000000000000001,
    0.7999999999999999,
    0.6,
    0.7999999999999999,
    0.20000000000000004,
    0.20000000000000004,
    0.9999999999999999,
    0.20000000000000004,
    0.7000000000000001,
    0.7000000000000001,
    1.1,
    0.5000000000000001,
    1.7000000000000006,
    0.9,
    0.9,
    0.7000000000000001,
    0.5000000000000001,
    1.1,
    1.3000000000000003,
    0.9,
    1.3000000000000003,
    1.5000000000000004,
    1.3000000000000003,
    1.3000000000000003,
    0.7000000000000001,
    0.30000000000000016,
    1.1,
    1.1,
    1.1,
    0.9,
    0.5000000000000001,
    0.9,
    0.9,
    0.30000000000000016,
    0.9,
    0.5000000000000001,
    1.3000000000000003,
    0.7000000000000001,
    0.9,
    0.7000000000000001,
    0.9,
    1.1,
    0.30000000000000016,
    0.30000000000000016,
    0.9,
    0.10000000000000014,
    0.9,
    1.1,
    1.7000000000000006,
    0.30000000000000016,
    1.1,
    0.7000000000000001,
    1.1,
    0.9,
    0.9,
    0.7000000000000001
  ]
}