{
  "epoch": 90,
  "baseline_score": 0.865,
  "candidate_score": 0.8625,
  "accepted": false,
  "prune_baseline_score": null,
  "prune_candidate_score": null,
  "prune_accepted": null,
  "weights": [
    -0.3829877811381315,
    -0.6648950449522635,
    -0.14969418007227242,
    0.3223675237537098,
    1.062259360724248,
    -0.6057062750607061,
    -0.487488096674356,
    -0.019653576782389326,
    0.017396770725954358,
    -0.19940008929289976,
    0.4588775596226786,
    0.8696500313137405,
    -0.7166406581642102,
    0.47202983026384904,
    0.09610715752081567,
    0.08528145694507772,
    0.4511771136462024,
    -0.6057231035982693,
    -0.15411800324595681,
    0.1785363933600237,
    -1.6041973204535613,
    0.7361111235024644,
    1.2011789493342917,
    0.5889221788009171,
    0.1080752077871634,
    0.7464377926705306,
    0.1505984422762674,
    0.581748767448653,
    0.475959463559414,
    -1.4112163474269153,
    1.1390723416976531,
    -1.1274105259841012,
    0.5026288282325899,
    -0.4045343074064889,
    1.3425497152406811,
    0.7717819610411267,
    -0.18609169862775432,
    0.5824887053983336,
    0.189375737517109,
    -1.0265734973948186,
    0.39480691562478754,
    0.5335628304016904,
    0.3224057092865247,
    0.45916164801453885,
    -0.44297791769677564,
    -0.03767621454081427,
    0.33590005782588217,
    -0.07223916053928803,
    -1.0441845015497364,
    0.3776461445230528,
    -0.9524086819106399,
    0.6713656225825173,
    -0.2505183132642288,
    0.20897462634312314,
    0.5247954833779636,
    0.3535687643817791,
    1.2606675644883467,
    -0.6421636649062668,
    -1.3904218918932159,
    1.1945711537158312,
    -0.5178936174637889,
    -0.4109144429505731,
    -1.0988390075847125,
    0.17893775755641017,
    -0.22228980373641316,
    -1.1525255536161996,
    1.6745998560778967,
    -0.3852692856423361,
    0.025616668002671705,
    0.6717438783963539,
    0.4876364736451202,
    0.484649499754205,
    -0.3497119313635697,
    -0.7542175830629816,
    -1.0379491875173776,
    1.6788139927516328,
    -1.251184765207434,
    0.4421844614352346,
    0.6334955787776164,
    0.009862262554773071,
    -0.5768934502984364,
    0.28717278444589356,
    0.3235239948674766,
    -0.5890573800309442,
    -0.11450448929170975,
    0.18781952419057424,
    -0.6147968027265043,
    -0.18046827018983613,
    -1.1164395391673085,
    0.9374896169668601,
    -0.8486940661086988,
    0.9666542136435092,
    -0.47302038217707554,
    -1.0453317558885882,
    -0.46053740385403463,
    0.5263341115447524,
    -0.3470502836310696,
    0.14844898601352585,
    0.4687178484676413,
    -0.041821375272370176,
    -0.04842305309620598,
    -1.0326273271750224,
    0.1945948041619303,
    0.3476945726282845,
    -0.05961993431231183,
    -0.11347656217782776,
    -0.20147316926983216,
    -0.6154814603438927,
    -1.0716244867500622,
    0.5353313239725181,
    -0.34112521367313997,
    0.21430703523897288,
    0.6594696596856442,
    0.3421533920831772,
    0.7927746711767658,
    -0.4641950557292416,
    -1.0678624510199446,
    -0.20220231459066174,
    0.5405327246797096,
    0.9648614479384001,
    -1.6864784171730078,
    -0.30831198403371785,
    0.142248242821305,
    0.5422040674731081,
    -0.08393820121851747,
    -1.0438757287238587,
    -0.7421361244528539,
    -0.16609188041527556,
    -0.2785666512843834,
    0.6815197878762032,
    -0.01948260333861218,
    -0.38858181376980516,
    -0.6030238985844985,
    -1.435750161411524,
    -0.06441422128454088,
    -0.42130563597558934,
    -0.6187078076903683,
    0.5381646570558838,
    -0.6512354844693686,
    0.9865350374631461,
    -0.5796747533086513,
    -1.0758650505020606,
    0.5774299110670362,
    -0.17542577808879178,
    -1.3412913675357696,
    -0.03578324476386796,
    0.5581765698767536,
    -0.6791206309776849,
    0.8618716744747426,
    -0.5504482312987617,
    -0.3759325281222221,
    1.3528902497029014,
    -0.6265538905744819,
    -0.4717703132089244,
    -0.5962547773115916,
    0.7040950384005211,
    -0.21413558268934962,
    -0.388506835212316,
    -0.5839819456544717,
    -1.0696133896920603,
    -0.9394026770157373,
    0.029928541168922296,
    0.10998853216917115,
    -0.9152632059012471,
    1.0846187974371766,
    0.08907062486796491,
    -0.2903356762032807,
    0.6252335692478765,
    1.0256568406099866,
    0.23554165521622128,
    0.07983416431340684,
    0.7852145904682293,
    -1.5349498056196376,
    -0.6157668756137809,
    1.7940011507671187,
    0.2156103262625224,
    0.6774040390768679,
    -0.7962721385379348,
    0.4707464876221159,
    -0.8782526947935445,
    -0.038911502592988256,
    -1.226627584893337,
    1.8844050986269514,
    0.5381658430197651,
    -0.9336218576083277,
    -1.5406061509280489,
    -0.732678605458758,
    -1.1217129912302246,
    0.31825177919560743,
    0.18203377867444281,
    -0.796796376465801,
    1.2837454477420913,
    -0.2896709180369248,
    0.2665330510022279,
    0.08156145206775989,
    0.5760870611204374,
    -0.40169813842525337,
    -0.4941001109727372,
    -2.1020553892767984,
    0.1781167560765704,
    -0.16738656508017669,
    -0.9331224052049214,
    -0.5127364573289661,
    -0.5822111386880755,
    0.7285055957183981,
    -0.7282911473082976,
    0.36563724897429006,
    0.5334496339218338,
    0.04388696014808513,
    0.9712556712747618,
    -0.24097630453609775,
    -0.39716014137950895,
    -0.3557906017084971,
    -0.33041489208064556,
    0.2647623177604326,
    0.3179790257260131,
    0.26585714425380513,
    -0.4366800572542602,
    -1.692024441204703,
    -0.2073967970589834,
    0.03376490938815957,
    0.5808195303320536,
    0.39264870782328476,
    0.3281314252079408,
    -0.31714745380093556,
    -0.5799466698117568,
    -0.46272005849480546,
    -0.6437547989806423,
    -0.13995959735197228,
    -0.17908647828558344,
    -1.1203434198296303,
    0.15041025540819541,
    -0.8409313359724697,
    -0.6226470204013062,
    0.013438869593600966,
    0.23694901624045328,
    -1.068920835875192,
    -1.038009838808569,
    0.7832600242892258,
    -0.9321241542639029,
    -0.04530514206799596,
    1.9715668023446817,
    -1.6374680570799869,
    0.504264063031546,
    0.7464995544846342,
    -0.061372543650464184,
    1.0022023083348994,
    -0.30849616575834293,
    0.5264751188791768,
    0.6829824691314661,
    0.49831461057660187,
    0.7703656413429809,
    -0.09819426390448838,
    -0.7069893652716805,
    -0.27084349278617403,
    1.0708565793495441,
    1.2383952268969118,
    -1.131200787789461,
    0.9817946575316994,
    -0.9036650170479377,
    0.4456070066061766,
    -0.5863435254911202,
    -0.24236563979434078,
    0.4756617937434262,
    -0.7165570937195405,
    0.08819354856832651,
    0.45669079454392403,
    -0.11386119272222639,
    -0.5983839247388341,
    0.5650575811666478,
    -0.2259000542081968,
    -0.15619530899222145,
    0.28690961479906085,
    0.9524780408424522,
    -0.6869276900966652,
    0.23625875841382205,
    0.1387920098306299,
    -0.44568490980840614,
    -0.09787519139771184,
    0.2452997759156219,
    -0.6034698373249832,
    0.4802138389780557,
    -1.0305040338971063,
    -0.27374896338821886,
    -1.0062082725861814,
    1.4148332372054864,
    1.2635418558876066,
    1.1711613686751428,
    1.051066742613758,
    -0.6349583615502694,
    0.47704344377475816,
    0.8691607836086102,
    -0.8015639593393051,
    0.21467087034332022,
    -0.480074333999166,
    -0.2429350114270732,
    -0.7309236632595815,
    -0.012530486244268335,
    -0.17787179489780391,
    -0.0028856952166653738,
    0.4777398990252262,
    -0.06043299271124036,
    -0.10962957130110929,
    0.49333457181159956,
    0.5135431505898704,
    1.0253319055245473,
    0.40267808663907156,
    1.1844623757784463,
    0.6460788475431007,
    1.3854575969152247,
    0.7027483333594624,
    0.7407905813782141,
    -0.12507745844033935,
    -1.672768531756124,
