{
  "epoch": 1470,
  "baseline_score": 0.74,
  "candidate_score": 0.5925,
  "accepted": false,
  "weights": [
    1.0999999999999999,
    1.4999999999999998,
    -0.49999999999999994,
    2.7,
    -0.10000000000000009,
    0.7,
    1.0999999999999999,
    -0.49999999999999994,
    -0.10000000000000009,
    0.7,
    -0.8999999999999999,
    0.29999999999999993,
    0.7,
    -0.09999999999999992,
    -0.5000000000000001,
    1.0999999999999999,
    1.4999999999999998,
    0.7,
    -0.10000000000000009,
    -0.10000000000000009,
    0.3,
    -0.49999999999999994,
    1.0999999999999999,
    -2.1,
    -0.5000000000000001,
    -0.10000000000000003,
    -0.49999999999999994,
    0.3,
    -0.10000000000000009,
    -1.2999999999999998,
    0.29999999999999993,
    0.7,
    1.4999999999999998,
    -0.09999999999999998,
    0.7,
    1.0999999999999999,
    -0.10000000000000009,
    1.0999999999999999,
    0.7,
    -0.10000000000000009,
    -0.5000000000000002,
    1.4999999999999998,
    1.4999999999999998,
    0.7,
    -0.10000000000000009,
    0.29999999999999993,
    -0.10000000000000003,
    -0.10000000000000003,
    -0.5000000000000001,
    0.29999999999999993,
    1.0999999999999999,
    1.4999999999999998,
    0.7,
    -0.8999999999999999,
    2.3,
    0.7,
    -0.9000000000000001,
    -0.09999999999999998,
    0.7,
    -0.49999999999999994,
    1.8999999999999997,
    0.29999999999999993,
    0.7,
    0.29999999999999993,
    -0.10000000000000009,
    1.8999999999999997,
    -0.09999999999999998,
    -0.5000000000000001,
    -0.10000000000000009,
    -0.5000000000000001,
    -0.10000000000000009,
    1.4999999999999998,
    -0.09999999999999992,
    1.4999999999999998,
    1.0999999999999999,
    0.7,
    2.3,
    0.29999999999999993,
    -0.09999999999999992,
    1.4999999999999998,
    1.4999999999999998,
    0.7,
    0.7,
    0.29999999999999993,
    1.8999999999999997,
    0.7,
    -0.49999999999999994,
    1.4999999999999998,
    -0.10000000000000003,
    1.8999999999999997,
    1.4999999999999998,
    -0.10000000000000009,
    0.29999999999999993,
    -0.8999999999999999,
    1.0999999999999999,
    0.29999999999999993,
    -0.5000000000000001,
    0.7,
    -0.10000000000000009,
    0.7,
    1.4999999999999998,
    1.0999999999999999,
    0.7,
    0.29999999999999993,
    -0.5000000000000001,
    1.4999999999999998,
    -0.10000000000000003,
    0.29999999999999993,
    -0.5000000000000002,
    -0.8999999999999999,
    -0.1000000000000002,
    1.0999999999999999,
    0.29999999999999993,
    0.29999999999999993,
    0.29999999999999993,
    0.7,
    0.29999999999999993,
    0.7,
    1.8999999999999997,
    0.7,
    1.4999999999999998,
    0.29999999999999993,
    0.7,
    0.29999999999999993,
    0.7,
    0.7,
    1.8999999999999997,
    -0.9000000000000001,
    -0.5000000000000001,
    -0.10000000000000009,
    1.4999999999999998,
    0.7,
    0.29999999999999993,
    -0.09999999999999998,
    1.8999999999999997,
    -0.10000000000000009,
    -0.10000000000000003,
    0.7,
    -1.2999999999999998,
    0.7,
    1.0999999999999999,
    0.3000000000000001,
    1.4999999999999998,
    -0.09999999999999992,
    0.29999999999999993,
    0.7,
    0.29999999999999993,
    0.29999999999999993,
    -0.1000000000000002,
    -0.5000000000000002,
    1.0999999999999999,
    -0.09999999999999998,
    1.0999999999999999,
    1.0999999999999999,
    2.3,
    1.4999999999999998,
    1.4999999999999998,
    -0.09999999999999998,
    -0.49999999999999994,
    -0.5,
    0.29999999999999993,
    -0.5000000000000002,
    -0.9000000000000001,
    0.3,
    2.7,
    0.3,
    0.29999999999999993,
    0.29999999999999993,
    0.29999999999999993,
    0.7,
    0.7,
    1.0999999999999999,
    -0.49999999999999994,
    -0.10000000000000009,
    -0.10000000000000009,
    -0.10000000000000009,
    -0.5000000000000002,
    -0.8999999999999999,
    0.7,
    0.29999999999999993,
    1.0999999999999999,
    -0.8999999999999999,
    1.4999999999999998,
    0.29999999999999993
  ]
}