{
  "epoch": 60,
  "baseline_error": 2.0,
  "candidate_error": 2.0,
  "accepted": true,
  "weights": [
    1.3000000000000003,
    1.3000000000000003,
    0.7000000000000001,
    0.7000000000000001,
    0.5000000000000001,
    0.5000000000000001,
    0.9,
    0.7000000000000001,
    0.7000000000000001,
    0.9,
    0.30000000000000016,
    0.9,
    0.30000000000000016,
    1.7000000000000006,
    1.3000000000000003,
    1.5000000000000004,
    0.9,
    0.30000000000000016,
    0.9,
    0.30000000000000016,
    0.30000000000000016,
    0.9,
    1.3000000000000003,
    0.5000000000000001,
    1.1,
    1.1,
    1.3000000000000003,
    1.1,
    0.5000000000000001,
    1.3000000000000003,
    1.3000000000000003,
    1.3000000000000003,
    1.3000000000000003,
    1.1,
    1.1,
    0.30000000000000016,
    1.1,
    0.9,
    1.3000000000000003,
    1.3000000000000003,
    1.3000000000000003,
    1.3000000000000003,
    0.9,
    0.9,
    0.10000000000000014,
    0.5000000000000001,
    1.5000000000000004,
    1.1,
    0.4,
    0.7999999999999999,
    0.7999999999999999,
    2.7755575615628914e-17,
    0.7999999999999999,
    0.7999999999999999,
    0.6,
    0.9999999999999999,
    2.7755575615628914e-17,
    0.6,
    1.2,
    0.20000000000000004,
    2.7755575615628914e-17,
    0.6,
    1.2,
    0.4,
    1.2,
    0.7999999999999999,
    0.7999999999999999,
    0.20000000000000004,
    0.6,
    1.2,
    1.2,
    0.7999999999999999,
    2.7755575615628914e-17,
    0.4,
    0.20000000000000004,
    0.20000000000000004,
    0.7999999999999999,
    0.20000000000000004,
    0.7000000000000001,
    0.5000000000000001,
    1.1,
    1.1,
    1.5000000000000004,
    1.1,
    1.1,
    0.5000000000000001,
    0.30000000000000016,
    0.9,
    1.3000000000000003,
    0.9,
    1.1,
    1.3000000000000003,
    1.5000000000000004,
    1.3000000000000003,
    0.7000000000000001,
    0.9,
    0.9,
    1.1,
    1.5000000000000004,
    1.3000000000000003,
    0.7000000000000001,
    1.1,
    0.9,
    0.7000000000000001,
    1.1,
    0.9,
    1.1,
    0.9,
    0.9,
    0.7000000000000001,
    0.9,
    1.3000000000000003,
    0.5000000000000001,
    0.5000000000000001,
    0.7000000000000001,
    0.5000000000000001,
    1.1,
    0.7000000000000001,
    1.3000000000000003,
    0.30000000000000016,
    1.3000000000000003,
    0.9,
    0.9,
    1.3000000000000003,
    0.9,
    0.5000000000000001
  ]
}