{
  "epoch": 170,
  "baseline_score": 0.9375,
  "candidate_score": 0.9375,
  "accepted": false,
  "prune_baseline_score": null,
  "prune_candidate_score": null,
  "prune_accepted": null,
  "weights": [
    -0.38298778113813153,
    -0.08889504495226352,
    -0.14969418007227242,
    0.3223675237537098,
    1.062259360724248,
    -0.6057062750607061,
    -1.063488096674356,
    0.5563464232176106,
    0.017396770725954358,
    -0.7754000892928997,
    0.4588775596226787,
    0.8696500313137405,
    -0.7166406581642102,
    -0.6799701697361509,
    0.09610715752081567,
    1.2372814569450776,
    0.4511771136462024,
    -0.6057231035982693,
    -0.15411800324595681,
    0.1785363933600237,
    -1.0281973204535613,
    0.16011112350246448,
    1.2011789493342917,
    -0.5630778211990828,
    -0.46792479221283656,
    0.7464377926705306,
    1.3025984422762673,
    -0.5702512325513469,
    1.051959463559414,
    -0.8352163474269152,
    2.291072341697653,
    -1.1274105259841012,
    -0.07337117176741004,
    -0.980534307406489,
    1.3425497152406811,
    1.3477819610411268,
    -0.7620916986277542,
    0.006488705398333683,
    -0.9626242624828909,
    -1.0265734973948186,
    -0.18119308437521237,
    -0.042437169598309565,
    0.8984057092865247,
    1.035161648014539,
    -0.4429779176967757,
    -0.6136762145408142,
    -0.8160999421741177,
    1.0797608394607119,
    -1.6201845015497365,
    0.9536461445230529,
    -1.52840868191064,
    0.6713656225825173,
    -0.8265183132642289,
    0.7849746263431231,
    1.6767954833779637,
    0.9295687643817792,
    1.2606675644883467,
    -0.6421636649062668,
    -0.8144218918932158,
    1.1945711537158312,
    0.05810638253621103,
    -0.9869144429505732,
    -1.0988390075847125,
    0.75493775755641,
    0.3537101962635868,
    -1.7285255536161996,
    0.5225998560778966,
    -0.38526928564233615,
    0.025616668002671705,
    1.247743878396354,
    0.48763647364512025,
    -0.09135050024579494,
    -0.9257119313635698,
    -1.3302175830629817,
    -1.0379491875173776,
    1.1028139927516327,
    -1.827184765207434,
    0.44218446143523465,
    0.6334955787776164,
    -0.5661377374452268,
    -1.1528934502984365,
    1.4391727844458937,
    -0.25247600513252333,
    -1.1650573800309443,
    -0.11450448929170975,
    0.7638195241905742,
    -0.6147968027265043,
    -0.18046827018983613,
    -1.1164395391673085,
    2.08948961696686,
    -0.2726940661086988,
    0.3906542136435092,
    -1.0490203821770756,
    -1.0453317558885882,
    -0.4605374038540347,
    -0.04966588845524755,
    -0.9230502836310697,
    1.3004489860135258,
    -0.10728215153235865,
    -0.6178213752723701,
    -0.04842305309620598,
    -1.6086273271750224,
    0.7705948041619303,
    -0.22830542737171544,
    -0.05961993431231183,
    -1.2654765621778277,
    -0.20147316926983216,
    0.5365185396561072,
    0.0803755132499378,
    -0.04066867602748181,
    0.23487478632685999,
    0.21430703523897288,
    1.2354696596856443,
    0.34215339208317724,
    0.2167746711767658,
    0.11180494427075838,
    0.08413754898005538,
    -0.7782023145906617,
    1.1165327246797097,
    1.5408614479384002,
    -1.6864784171730078,
    -0.30831198403371785,
    0.142248242821305,
    -0.033795932526891836,
    -0.6599382012185173,
    -1.6198757287238588,
    -0.7421361244528539,
    0.4099081195847244,
    0.29743334871561655,
    0.6815197878762032,
    0.5565173966613877,
    -0.38858181376980516,
    -0.027023898584498496,
    -2.5877501614115235,
    0.5115857787154591,
    -0.9973056359755894,
    -1.1947078076903683,
    0.5381646570558838,
    -0.07523548446936867,
    0.41053503746314607,
    -1.1556747533086513,
    -1.6518650505020607,
    0.0014299110670362714,
    -1.3274257780887917,
    -1.9172913675357697,
    1.116216755236132,
    1.7101765698767537,
    -0.6791206309776849,
    0.8618716744747426,
    0.6015517687012382,
    -0.9519325281222222,
    1.9288902497029015,
    -1.202553890574482,
    -1.0477703132089244,
    -0.5962547773115916,
    0.7040950384005211,
    -0.21413558268934968,
    0.18749316478768396,
    -0.007981945654471745,
    -1.0696133896920603,
    -0.3634026770157373,
    0.029928541168922296,
    -0.4660114678308288,
    -0.9152632059012471,
    1.0846187974371766,
    0.6650706248679649,
    -0.29033567620328077,
    0.6252335692478765,
    1.6016568406099867,
    0.23554165521622134,
    0.07983416431340684,
    -0.36678540953177063,
    -0.9589498056196375,
    -0.039766875613780894,
    1.2180011507671187,
    0.21561032626252247,
    1.253404039076868,
    -1.3722721385379348,
    0.47074648762211596,
    -0.8782526947935445,
    0.5370884974070117,
    -0.6506275848933369,
    1.3084050986269513,
    -0.037834156980234845,
    0.21837814239167225,
    -2.1166061509280487,
    -1.308678605458758,
    -1.1217129912302246,
    0.3182517791956075,
    0.7580337786744428,
    -0.22079637646580103,
    1.8597454477420914,
    -1.441670918036925,
    0.26653305100222796,
    0.6575614520677597,
    0.5760870611204374,
    -0.4016981384252534,
    -0.49410011097273726,
    -2.678055389276798,
    0.7541167560765702,
    0.9846134349198232,
    -0.9331224052049214,
    -0.5127364573289661,
    -1.1582111386880756,
    0.15250559571839817,
    -0.7282911473082976,
    0.3656372489742901,
    0.5334496339218338,
    0.6198869601480851,
    0.39525567127476174,
    -0.8169763045360978,
    -0.973160141379509,
    -0.9317906017084971,
    -0.33041489208064556,
    0.26476231776043263,
    0.31797902572601316,
    -0.8861428557461948,
    -1.0126800572542602,
    -1.692024441204703,
    -0.7833967970589832,
    0.6097649093881595,
    1.7328195303320537,
    0.9686487078232848,
    0.32813142520794086,
    -0.8931474538009356,
    -0.5799466698117568,
    -1.0387200584948055,
    -0.6437547989806423,
    -0.13995959735197228,
    -0.7550864782855834,
    -0.5443434198296302,
    1.3024102554081953,
    -0.2649313359724697,
    -0.046647020401306194,
    -0.5625611304063989,
    -0.3390509837595466,
    -1.068920835875192,
    0.11399016119143096,
    0.7832600242892258,
    -1.508124154263903,
    -0.04530514206799596,
    2.5475668023446816,
    -1.6374680570799869,
    1.080264063031546,
    1.3224995544846343,
    -0.061372543650464184,
    1.0022023083348994,
    -0.884496165758343,
    0.5264751188791768,
    0.6829824691314661,
    0.4983146105766019,
    0.7703656413429809,
    0.4778057360955116,
    -1.2829893652716806,
    0.30515650721382587,
    1.0708565793495441,
    0.6623952268969118,
    -0.5552007877894609,
    2.1337946575316993,
    -1.4796650170479377,
    1.5976070066061767,
    -0.5863435254911202,
    -0.24236563979434084,
    0.4756617937434262,
    0.43544290628045945,
    -0.4878064514316734,
    -0.11930920545607593,
    -0.11386119272222639,
    -0.022383924738834104,
    0.5650575811666478,
    0.35009994579180315,
    -0.15619530899222145,
    0.8629096147990609,
    0.37647804084245223,
    -0.11092769009666525,
    0.2362587584138221,
    -0.43720799016937,
    -0.44568490980840614,
    -0.09787519139771184,
    0.24529977591562196,
    -1.1794698373249832,
    0.48021383897805575,
    0.12149596610289365,
    -1.425748963388219,
    -1.5822082725861815,
    2.5668332372054863,
    2.4155418558876063,
    0.5951613686751427,
    -0.10093325738624187,
    -0.6349583615502694,
    1.0530434437747582,
    0.8691607836086102,
    -0.22556395933930512,
    0.21467087034332022,
    -0.480074333999166,
    0.33306498857292677,
    -1.3069236632595815,
    -0.012530486244268335,
    -0.7538717948978039,
    1.1491143047833345,
    0.47773989902522623,
    -0.06043299271124036,
    1.0423704286988906,
    1.0693345718115996,
    1.0895431505898705,
    1.0253319055245473,
    -0.1733219133609284,
    1.1844623757784463,
    0.07007884754310079,
    0.8094575969152247,
    0.7027483333594624,
    -0.41120941862178584,
    -0.7010774584403393,
    -2.248768531756124,
