{
  "epoch": 30,
  "baseline_score": 0.6125,
  "candidate_score": 0.57,
  "accepted": false,
  "weights": [
    0.29999999999999993,
    0.7,
    -0.10000000000000003,
    0.7,
    0.7,
    0.29999999999999993,
    1.0999999999999999,
    -0.5,
    0.29999999999999993,
    0.7,
    -0.10000000000000003,
    1.0999999999999999,
    -0.10000000000000003,
    -0.10000000000000003,
    0.29999999999999993,
    0.7,
    0.7,
    0.29999999999999993,
    0.7,
    1.0999999999999999,
    0.3,
    -0.10000000000000003,
    -0.10000000000000003,
    -0.10000000000000009,
    0.29999999999999993,
    -0.10000000000000003,
    0.3,
    -0.10000000000000003,
    -0.10000000000000009,
    -0.10000000000000003,
    0.29999999999999993,
    0.3,
    0.3,
    0.3,
    1.0999999999999999,
    0.29999999999999993,
    0.7,
    -0.10000000000000003,
    0.7,
    0.7,
    0.7,
    0.7,
    0.7,
    1.0999999999999999,
    0.7,
    0.7,
    0.3,
    0.3,
    0.29999999999999993,
    0.7,
    0.7,
    1.0999999999999999,
    0.7,
    -0.5,
    1.0999999999999999,
    0.7,
    -0.10000000000000009,
    0.3,
    1.0999999999999999,
    -0.10000000000000003,
    0.7,
    0.29999999999999993,
    0.7,
    -0.10000000000000009,
    1.0999999999999999,
    1.4999999999999998,
    -0.10000000000000003,
    0.29999999999999993,
    0.7,
    0.7,
    0.29999999999999993,
    0.7,
    -0.5,
    0.3,
    1.0999999999999999,
    0.7,
    1.4999999999999998,
    1.0999999999999999,
    0.3,
    1.4999999999999998,
    1.0999999999999999,
    1.0999999999999999,
    0.29999999999999993,
    1.0999999999999999,
    0.7,
    -0.10000000000000003,
    -0.10000000000000003,
    0.29999999999999993,
    0.3,
    1.0999999999999999,
    1.4999999999999998,
    0.29999999999999993,
    0.7,
    -0.10000000000000003,
    0.29999999999999993,
    0.29999999999999993,
    0.7,
    0.3,
    0.7,
    0.7,
    1.0999999999999999,
    1.0999999999999999,
    0.7,
    0.7,
    0.7,
    0.29999999999999993,
    0.3,
    0.7,
    0.29999999999999993,
    -0.5,
    -0.10000000000000009,
    -0.10000000000000003,
    0.29999999999999993,
    0.29999999999999993,
    0.7,
    0.7,
    0.3,
    0.3,
    1.4999999999999998,
    0.7,
    1.4999999999999998,
    0.7,
    1.0999999999999999,
    0.7,
    0.7,
    0.7,
    1.4999999999999998,
    -0.10000000000000009,
    0.7,
    0.7,
    -0.10000000000000003,
    0.29999999999999993,
    0.3,
    -0.10000000000000003,
    1.0999999999999999,
    0.7,
    0.3,
    0.7,
    -0.5,
    1.0999999999999999,
    0.7,
    -0.5,
    1.4999999999999998,
    -0.5,
    0.7,
    0.3,
    0.29999999999999993,
    0.7,
    -0.10000000000000009,
    -0.10000000000000009,
    0.3,
    0.3,
    1.0999999999999999,
    0.3,
    1.0999999999999999,
    0.7,
    1.0999999999999999,
    0.3,
    -0.10000000000000003,
    0.3,
    0.29999999999999993,
    0.7,
    0.7,
    -0.10000000000000003,
    1.0999999999999999,
    -0.10000000000000003,
    0.3,
    0.29999999999999993,
    0.3,
    0.3,
    0.3,
    0.7,
    -0.10000000000000003,
    0.29999999999999993,
    0.7,
    0.7,
    0.29999999999999993,
    -0.10000000000000003,
    0.7,
    0.7,
    0.7,
    -0.10000000000000003,
    0.7,
    1.0999999999999999
  ]
}