{
  "epoch": 50,
  "baseline_score": 0.9025,
  "candidate_score": 0.9025,
  "accepted": false,
  "prune_baseline_score": null,
  "prune_candidate_score": null,
  "prune_accepted": null,
  "weights": [
    0.45627019666921176,
    -0.780771959741267,
    0.39370582800536935,
    -0.026582728182374726,
    -0.14988865548137875,
    0.9797212296764881,
    0.39089680284499706,
    -0.7198963621959864,
    -0.8426951706802135,
    1.1504425195010424,
    0.1263214120240559,
    1.157073086364725,
    0.19051418257832142,
    -0.736439889977129,
    1.4781174468549043,
    0.8322386303588194,
    -1.0310749600238558,
    0.871413426298665,
    0.6123292333984911,
    -0.7904179913980298,
    0.476262505632953,
    0.07323144501766565,
    0.8204140263668513,
    -0.12451681076642762,
    0.666695659485421,
    0.6843417796421287,
    -0.1415056066564757,
    0.27430580692698037,
    0.8503403747551135,
    0.6475780127372428,
    0.41866305589701636,
    -1.3536916030956585,
    0.9932132560347819,
    -0.21276211013922097,
    -0.802328008629406,
    -1.4354058723129424,
    -0.8386375116380163,
    0.4387797845595993,
    -0.4357244576988706,
    -0.1282263102328991,
    1.1181704846199783,
    0.7625544545714238,
    0.19913404233811427,
    -0.4086178133948526,
    -1.400555036255433,
    -0.45141776724060767,
    -0.41012262833217994,
    -0.8392801761459077,
    -0.5172513112252075,
    -0.05217637426403332,
    0.40359264231066994,
    0.03905535653944159,
    -0.9950648135729305,
    0.17260265400050634
  ],
  "i_consts": [
    20.0,
    0.0,
    20.0,
    0.0,
    20.0,
    0.0,
    20.0,
    0.0,
    -5.0,
    25.0,
    -25.0,
    15.0,
    -5.0,
    25.0,
    -35.0,
    15.0,
    -35.0,
    35.0,
    -15.0
  ],
  "delta": 0.24,
  "i_delta": 5.0
}