{
  "epoch": 30,
  "baseline_score": 0.8175,
  "candidate_score": 0.8175,
  "accepted": false,
  "prune_baseline_score": null,
  "prune_candidate_score": null,
  "prune_accepted": null,
  "weights": [
    0.45627019666921176,
    -0.300771959741267,
    0.8737058280053693,
    -0.5065827281823747,
    -0.14988865548137875,
    0.9797212296764881,
    -0.08910319715500292,
    -0.7198963621959864,
    -0.3626951706802135,
    0.1904425195010424,
    -0.3536785879759441,
    0.677073086364725,
    0.19051418257832142,
    -0.736439889977129,
    0.9981174468549043,
    0.8322386303588194,
    -0.07107496002385583,
    0.871413426298665,
    0.13232923339849112,
    -0.7904179913980298,
    -0.0037374943670469563,
    -0.40676855498233433,
    0.34041402636685136,
    0.35548318923357236,
    0.666695659485421,
    0.20434177964212874,
    -0.1415056066564757,
    0.27430580692698037,
    0.8503403747551135,
    0.16757801273724282,
    0.41866305589701636,
    -0.8736916030956585,
    0.9932132560347819,
    -0.21276211013922097,
    -0.802328008629406,
    -0.9554058723129424,
    -0.35863751163801627,
    0.4387797845595993,
    -0.9157244576988706,
    0.8317736897671009,
    0.6381704846199783,
    -0.19744554542857617,
    0.19913404233811427,
    -0.4086178133948526,
    -0.9205550362554331,
    -0.45141776724060767,
    -0.8901226283321799,
    -0.8392801761459077,
    -0.9972513112252075,
    -0.05217637426403332,
    -0.07640735768933005,
    0.03905535653944159,
    -0.9950648135729305,
    0.6526026540005063
  ],
  "i_consts": [
    20.0,
    0.0,
    20.0,
    0.0,
    20.0,
    0.0,
    20.0,
    0.0,
    0.0,
    10.0,
    -10.0,
    0.0,
    0.0,
    20.0,
    -20.0,
    30.0,
    -20.0,
    30.0,
    0.0
  ],
  "delta": 0.24,
  "i_delta": 5.0
}