{
  "epoch": 10,
  "baseline_score": 0.7475,
  "candidate_score": 0.7475,
  "accepted": false,
  "prune_baseline_score": null,
  "prune_candidate_score": null,
  "prune_accepted": null,
  "weights": [
    0.5770122188618685,
    -0.6648950449522635,
    0.33030581992772756,
    0.8023675237537098,
    0.5822593607242481,
    -0.6057062750607061,
    -0.487488096674356,
    0.46034642321761066,
    0.49739677072595434,
    0.2805999107071002,
    0.9388775596226786,
    0.38965003131374054,
    -0.2366406581642102,
    -0.007970169736150945,
    0.5761071575208156,
    -0.39471854305492227,
    0.9311771136462024,
    -0.12572310359826933,
    -0.6341180032459568,
    -0.3014636066399763,
    -1.1241973204535614,
    0.7361111235024644,
    1.2011789493342917,
    0.10892217880091715,
    0.1080752077871634,
    0.7464377926705306,
    0.1505984422762674,
    1.061748767448653,
    -0.004040536440585996,
    -0.9312163474269153,
    0.17907234169765318,
    -0.6474105259841012,
    0.5026288282325899,
    -0.4045343074064889,
    0.8625497152406811,
    0.7717819610411267,
    -0.18609169862775432,
    0.10248870539833366,
    0.669375737517109,
    -1.0265734973948186,
    0.39480691562478754,
    0.05356283040169041,
    0.3224057092865247,
    -0.020838351985461134,
    -0.44297791769677564,
    -0.5176762145408143,
    -0.1440999421741178,
    0.40776083946071195,
    -1.0441845015497364,
    -0.1023538554769472,
    0.0075913180893600885,
    0.19136562258251733,
    0.22948168673577118,
    -0.27102537365687684,
    0.044795483377963574,
    0.3535687643817791,
    0.7806675644883467,
    -0.16216366490626677,
    -0.9104218918932159,
    0.7145711537158312,
    -0.03789361746378894,
    -0.4109144429505731,
    -1.0988390075847125,
    0.17893775755641017,
    -0.22228980373641316,
    -1.1525255536161996,
    1.1945998560778968,
    0.09473071435766389,
    -0.4543833319973283,
    1.1517438783963538,
    0.007636473645120212,
    0.004649499754205033,
    0.13028806863643028,
    -0.7542175830629816,
    -0.5579491875173777,
    1.1988139927516328,
    -0.29118476520743397,
    -0.03781553856476538,
    0.6334955787776164,
    0.009862262554773071,
    -0.5768934502984364,
    -0.19282721555410642,
    -0.15647600513252335,
    -1.0690573800309442,
    -0.5945044892917097,
    0.18781952419057424,
    -0.6147968027265043,
    -0.18046827018983613,
    -0.6364395391673086,
    0.4574896169668601,
    -0.8486940661086988,
    0.006654213643509266,
    -0.47302038217707554,
    -0.5653317558885882,
    -0.46053740385403463,
    0.04633411154475242,
    0.13294971636893038,
    -0.33155101398647413,
    0.9487178484676413,
    0.4381786247276298,
    -0.04842305309620598,
    -1.0326273271750224,
    0.1945948041619303,
    0.3476945726282845,
    -0.05961993431231183,
    0.3665234378221722,
    -0.6814731692698321,
    -1.0954814603438927,
    -0.5916244867500622,
    0.055331323972518165,
    0.13887478632686,
    -0.2656929647610271,
    -0.30053034031435577,
    0.8221533920831772,
    0.31277467117676583,
    -0.4641950557292416,
    -0.5878624510199446,
    0.27779768540933825,
    0.060532724679709604,
    0.48486144793840014,
    -0.7264784171730079,
    0.17168801596628214,
    -0.817751757178695,
    0.5422040674731081,
    0.8760617987814825,
    -1.0438757287238587,
    -0.26213612445285395,
    -0.6460918804152755,
    -0.7585666512843834,
    1.1615197878762031,
    -0.49948260333861216,
    0.09141818623019482,
    -0.6030238985844985,
    -0.955750161411524,
    -0.5444142212845409,
    -0.42130563597558934,
    -1.0987078076903682,
    0.058164657055883806,
    -0.6512354844693686,
    0.9865350374631461,
    -0.09967475330865128,
    -1.0758650505020606,
    0.09742991106703625,
    -1.1354257780887917,
    -0.8612913675357696,
    0.444216755236132,
    0.07817656987675359,
    -0.19912063097768495,
    0.3818716744747426,
    -0.5504482312987617,
    0.5840674718777779,
    0.8728902497029014,
    -1.1065538905744818,
    -0.4717703132089244,
    -0.5962547773115916,
    0.7040950384005211,
    -0.21413558268934962,
    0.09149316478768399,
    -0.5839819456544717,
    -0.5896133896920603,
    -0.45940267701573734,
    0.029928541168922296,
    0.10998853216917115,
    -0.4352632059012471,
    0.12461879743717663,
    -0.3909293751320351,
    -0.2903356762032807,
    1.1052335692478765,
    1.0256568406099866,
    0.23554165521622128,
    -0.40016583568659314,
    0.3052145904682293,
    -1.0549498056196376,
    -0.13576687561378087,
    0.8340011507671188,
    0.2156103262625224,
    1.1574040390768678,
    -0.7962721385379348,
    0.4707464876221159,
    0.08174730520645546,
    -0.9989115025929882,
    -0.746627584893337,
    0.9244050986269514,
    1.018165843019765,
    -0.45362185760832774,
    -0.5806061509280489,
    -0.732678605458758,
    -0.6417129912302246,
    0.31825177919560743,
    -0.29796622132555717,
    -0.796796376465801,
    0.8037454477420913,
    -0.2896709180369248,
    0.7465330510022279,
    -0.3984385479322401,
    0.5760870611204374,
    -0.8816981384252534,
    -0.4941001109727372,
    -1.1420553892767984,
    -0.3018832439234296,
    0.7926134349198233,
    -0.4531224052049214,
    -0.03273645732896613,
    -0.10221113868807552,
    1.208505595718398,
    -0.2482911473082976,
    0.36563724897429006,
    0.5334496339218338,
    0.5238869601480851,
    0.9712556712747618,
    -0.24097630453609775,
    -0.39716014137950895,
    -0.3557906017084971,
    -0.33041489208064556,
    0.7447623177604326,
    0.3179790257260131,
    -0.21414285574619485,
    -0.4366800572542602,
    -1.212024441204703,
    -0.2073967970589834,
    -0.4462350906118404,
    0.1008195303320536,
    -0.08735129217671522,
    -0.15186857479205917,
    -0.31714745380093556,
    -0.09994666981175682,
    -0.9427200584948054,
    0.3162452010193577,
    -0.6199595973519723,
    -0.17908647828558344,
    -1.1203434198296303,
    0.6304102554081954,
    -0.36093133597246974,
    -0.14264702040130617,
    0.49343886959360095,
    0.23694901624045328,
    -1.068920835875192,
    -1.038009838808569,
    0.7832600242892258,
    -0.9321241542639029,
    0.434694857932004,
    1.0115668023446818,
    -1.157468057079987,
    0.024264063031546046,
    0.26649955448463425,
    -0.5413725436504642,
    0.04220230833489946,
    0.17150383424165705,
    1.0064751188791767,
    0.6829824691314661,
    0.9783146105766019,
    0.7703656413429809,
    0.3818057360955116,
    -1.1869893652716805,
    -0.27084349278617403,
    0.5908565793495442,
    0.2783952268969119,
    -0.651200787789461,
    0.9817946575316994,
    0.056334982952062296,
    0.4456070066061766,
    -0.10634352549112025,
    0.7176343602056592,
    0.4756617937434262,
    -0.23655709371954048,
    0.08819354856832651,
    -0.023309205456075954,
    0.3661388072777736,
    -0.11838392473883408,
    0.5650575811666478,
    -0.2259000542081968,
    -0.6361953089922214,
    0.28690961479906085,
    0.47247804084245226,
    -1.1669276900966652,
    -0.7237412415861779,
    -0.8212079901693701,
    -0.9256849098084061,
    -0.5778751913977118,
    0.7252997759156219,
    -1.0834698373249831,
    0.00021383897805571372,
    -0.07050403389710636,
    0.20625103661178112,
    -0.5262082725861814,
    0.9348332372054864,
    0.3035418558876066,
    1.1711613686751428,
    0.5710667426137581,
    -0.6349583615502694,
    -0.0029565562252418243,
    0.3891607836086102,
    -0.32156395933930515,
    -0.26532912965667976,
    -7.433399916600969e-05,
    0.2370649885729268,
    -0.2509236632595815,
    0.46746951375573165,
    -0.17787179489780391,
    -0.48288569521666536,
    -0.0022601009747738043,
    -0.06043299271124036,
    -0.5896295713011093,
    0.49333457181159956,
    0.5135431505898704,
    0.06533190552454737,
    0.40267808663907156,
    0.2244623757784463,
    0.6460788475431007,
    0.4254575969152248,
    0.22274833335946242,
    0.7407905813782141,
