{
  "epoch": 230,
  "baseline_score": 0.99,
  "candidate_score": 0.99,
  "accepted": false,
  "prune_baseline_score": null,
  "prune_candidate_score": null,
  "prune_accepted": null,
  "weights": [
    0.9362701966692117,
    -0.780771959741267,
    0.39370582800536935,
    -0.026582728182374726,
    0.33011134451862123,
    1.459721229676488,
    0.39089680284499706,
    -0.23989636219598642,
    -0.3626951706802135,
    0.6704425195010424,
    0.1263214120240559,
    0.677073086364725,
    -0.28948581742167856,
    -0.736439889977129,
    0.9981174468549043,
    0.8322386303588194,
    -1.5110749600238558,
    1.351413426298665,
    1.092329233398491,
    -0.7904179913980298,
    0.476262505632953,
    -0.40676855498233433,
    1.3004140263668513,
    -0.6045168107664276,
    0.186695659485421,
    1.1643417796421287,
    0.33849439334352427,
    -0.20569419307301962,
    1.3303403747551135,
    0.16757801273724282,
    0.41866305589701636,
    -1.3536916030956585,
    0.9932132560347819,
    -0.692762110139221,
    -0.802328008629406,
    -0.9554058723129424,
    -0.8386375116380163,
    -0.041220215440400665,
    -0.4357244576988706,
    -0.1282263102328991,
    1.5981704846199782,
    0.7625544545714238,
    0.6791340423381143,
    -0.4086178133948526,
    -1.400555036255433,
    -0.45141776724060767,
    -0.8901226283321799,
    -0.3592801761459077,
    -0.5172513112252075,
    0.42782362573596666,
    0.40359264231066994,
    -0.4409446434605584,
    -0.9950648135729305,
    0.17260265400050634
  ],
  "i_consts": [
    20.0,
    0.0,
    20.0,
    0.0,
    20.0,
    0.0,
    20.0,
    0.0,
    5.0,
    45.0,
    -35.0,
    35.0,
    -5.0,
    45.0,
    -35.0,
    35.0,
    -25.0,
    55.0,
    -15.0
  ],
  "delta": 0.24,
  "i_delta": 5.0
}