{
  "epoch": 900,
  "baseline_error": 0.0,
  "candidate_error": 4.0,
  "accepted": false,
  "weights": [
    1.4000000000000004,
    1.4000000000000004,
    0.8,
    0.20000000000000015,
    0.6000000000000001,
    0.40000000000000013,
    1.2000000000000002,
    0.6000000000000001,
    1.0,
    1.2000000000000002,
    1.3877787807814457e-16,
    0.6000000000000001,
    0.20000000000000015,
    1.8000000000000007,
    1.2000000000000002,
    1.8000000000000007,
    1.0,
    0.6000000000000001,
    1.0,
    0.20000000000000015,
    0.6000000000000001,
    0.6000000000000001,
    0.8,
    0.8,
    0.40000000000000013,
    0.8,
    1.2000000000000002,
    1.2000000000000002,
    0.20000000000000015,
    1.8000000000000007,
    1.2000000000000002,
    1.2000000000000002,
    0.8,
    1.0,
    1.2000000000000002,
    0.6000000000000001,
    1.0,
    1.0,
    1.8000000000000007,
    1.6000000000000005,
    1.2000000000000002,
    1.0,
    0.6000000000000001,
    0.6000000000000001,
    0.20000000000000015,
    0.6000000000000001,
    1.0,
    1.0,
    0.30000000000000004,
    1.3,
    0.5,
    0.30000000000000004,
    0.7,
    0.7,
    0.5,
    1.7000000000000004,
    -0.09999999999999998,
    0.5,
    1.5000000000000002,
    -0.3,
    -0.30000000000000004,
    0.8999999999999999,
    1.3,
    0.5,
    1.3,
    0.5,
    0.7,
    0.10000000000000003,
    0.7,
    1.5000000000000002,
    1.5000000000000002,
    0.8999999999999999,
    0.30000000000000004,
    0.7,
    0.10000000000000003,
    0.30000000000000004,
    0.8999999999999999,
    0.30000000000000004,
    0.6000000000000001,
    0.40000000000000013,
    1.2000000000000002,
    0.8,
    1.6000000000000005,
    1.0,
    0.6000000000000001,
    0.6000000000000001,
    0.40000000000000013,
    1.0,
    1.4000000000000004,
    0.8,
    1.0,
    1.8000000000000007,
    1.2000000000000002,
    1.4000000000000004,
    1.0,
    0.6000000000000001,
    1.2000000000000002,
    1.2000000000000002,
    1.2000000000000002,
    1.2000000000000002,
    0.8,
    0.8,
    0.8,
    0.40000000000000013,
    1.2000000000000002,
    0.8,
    1.0,
    0.8,
    0.8,
    0.6000000000000001,
    0.8,
    1.2000000000000002,
    0.20000000000000015,
    0.40000000000000013,
    1.0,
    0.40000000000000013,
    1.2000000000000002,
    0.8,
    1.4000000000000004,
    0.40000000000000013,
    1.0,
    0.8,
    1.0,
    1.0,
    1.0,
    0.40000000000000013
  ]
}