{
  "epoch": 10,
  "baseline_score": 0.575,
  "candidate_score": 0.5775,
  "accepted": true,
  "weights": [
    0.7,
    0.7,
    -0.10000000000000003,
    0.7,
    0.7,
    0.7,
    0.7,
    -0.10000000000000003,
    0.7,
    1.0999999999999999,
    0.3,
    0.7,
    -0.10000000000000003,
    0.3,
    0.29999999999999993,
    0.3,
    0.7,
    0.29999999999999993,
    0.3,
    1.0999999999999999,
    0.3,
    0.3,
    0.3,
    0.29999999999999993,
    0.29999999999999993,
    0.3,
    -0.10000000000000003,
    0.3,
    0.29999999999999993,
    0.3,
    0.7,
    -0.10000000000000003,
    -0.10000000000000003,
    0.3,
    1.0999999999999999,
    0.7,
    0.7,
    -0.10000000000000003,
    0.7,
    0.7,
    1.0999999999999999,
    0.7,
    0.7,
    0.7,
    0.7,
    0.7,
    0.3,
    0.3,
    0.29999999999999993,
    0.7,
    0.3,
    0.7,
    0.7,
    -0.10000000000000003,
    1.0999999999999999,
    1.0999999999999999,
    0.29999999999999993,
    0.3,
    0.7,
    -0.10000000000000003,
    0.3,
    0.7,
    0.7,
    0.29999999999999993,
    0.7,
    1.0999999999999999,
    0.3,
    0.7,
    0.7,
    0.7,
    0.7,
    0.7,
    -0.10000000000000003,
    0.3,
    1.0999999999999999,
    0.7,
    1.0999999999999999,
    1.0999999999999999,
    -0.10000000000000003,
    1.0999999999999999,
    0.7,
    0.7,
    0.7,
    1.0999999999999999,
    0.7,
    0.3,
    0.3,
    0.29999999999999993,
    0.3,
    1.0999999999999999,
    1.0999999999999999,
    0.7,
    0.7,
    0.3,
    0.7,
    0.29999999999999993,
    0.7,
    0.3,
    0.7,
    1.0999999999999999,
    0.7,
    0.7,
    0.7,
    0.7,
    0.7,
    0.7,
    0.3,
    0.7,
    0.29999999999999993,
    -0.10000000000000003,
    0.29999999999999993,
    -0.10000000000000003,
    0.7,
    0.7,
    1.0999999999999999,
    0.7,
    0.3,
    0.3,
    1.0999999999999999,
    0.7,
    1.0999999999999999,
    0.3,
    0.7,
    0.7,
    0.29999999999999993,
    0.3,
    1.0999999999999999,
    0.29999999999999993,
    0.29999999999999993,
    0.7,
    0.3,
    0.29999999999999993,
    0.3,
    0.3,
    0.7,
    0.7,
    0.3,
    0.7,
    -0.10000000000000003,
    0.7,
    1.0999999999999999,
    -0.10000000000000003,
    1.0999999999999999,
    -0.10000000000000003,
    0.7,
    0.3,
    0.7,
    0.7,
    0.29999999999999993,
    0.29999999999999993,
    0.3,
    -0.10000000000000003,
    0.7,
    0.3,
    1.0999999999999999,
    0.7,
    1.0999999999999999,
    0.3,
    -0.10000000000000003,
    0.3,
    0.29999999999999993,
    0.3,
    0.7,
    -0.10000000000000003,
    1.0999999999999999,
    0.3,
    0.3,
    0.7,
    0.3,
    0.3,
    -0.10000000000000003,
    0.7,
    -0.10000000000000003,
    0.29999999999999993,
    0.29999999999999993,
    0.3,
    0.7,
    -0.10000000000000003,
    0.7,
    0.7,
    0.7,
    0.3,
    0.7,
    0.7
  ]
}