{
  "epoch": 40,
  "baseline_score": 0.6625,
  "candidate_score": 0.5875,
  "accepted": false,
  "weights": [
    0.7,
    0.7,
    -0.5,
    1.0999999999999999,
    0.7,
    0.7,
    1.0999999999999999,
    -0.5,
    0.7,
    0.29999999999999993,
    -0.10000000000000003,
    1.0999999999999999,
    0.3,
    -0.5,
    0.29999999999999993,
    0.7,
    1.0999999999999999,
    0.7,
    0.29999999999999993,
    0.7,
    -0.10000000000000003,
    -0.5,
    -0.10000000000000003,
    -0.5000000000000001,
    0.29999999999999993,
    -0.10000000000000003,
    -0.10000000000000003,
    0.3,
    -0.5000000000000001,
    -0.5,
    0.29999999999999993,
    0.3,
    0.7,
    -0.10000000000000003,
    1.0999999999999999,
    0.7,
    0.7,
    0.3,
    0.7,
    0.29999999999999993,
    0.29999999999999993,
    1.0999999999999999,
    0.7,
    1.4999999999999998,
    0.29999999999999993,
    0.7,
    -0.10000000000000003,
    0.3,
    0.29999999999999993,
    0.29999999999999993,
    0.7,
    0.7,
    0.7,
    -0.8999999999999999,
    0.7,
    0.29999999999999993,
    -0.5000000000000001,
    -0.10000000000000003,
    1.4999999999999998,
    -0.10000000000000003,
    0.29999999999999993,
    -0.10000000000000009,
    0.7,
    0.29999999999999993,
    0.7,
    1.0999999999999999,
    -0.5,
    0.29999999999999993,
    1.0999999999999999,
    0.29999999999999993,
    0.29999999999999993,
    1.0999999999999999,
    -0.49999999999999994,
    0.7,
    1.0999999999999999,
    0.7,
    1.8999999999999997,
    1.0999999999999999,
    -0.10000000000000003,
    1.4999999999999998,
    1.4999999999999998,
    1.0999999999999999,
    -0.10000000000000009,
    1.0999999999999999,
    0.29999999999999993,
    -0.10000000000000003,
    0.3,
    0.29999999999999993,
    -0.10000000000000003,
    1.4999999999999998,
    1.4999999999999998,
    0.29999999999999993,
    0.7,
    -0.10000000000000003,
    0.7,
    0.29999999999999993,
    0.29999999999999993,
    0.3,
    0.29999999999999993,
    0.7,
    1.0999999999999999,
    1.4999999999999998,
    0.29999999999999993,
    0.7,
    0.29999999999999993,
    0.7,
    -0.10000000000000003,
    0.7,
    -0.10000000000000009,
    -0.8999999999999999,
    -0.5000000000000001,
    0.3,
    -0.10000000000000009,
    -0.10000000000000009,
    0.7,
    1.0999999999999999,
    0.3,
    0.7,
    1.8999999999999997,
    0.7,
    1.4999999999999998,
    0.7,
    0.7,
    0.7,
    0.29999999999999993,
    0.29999999999999993,
    1.4999999999999998,
    -0.10000000000000009,
    1.0999999999999999,
    0.29999999999999993,
    0.3,
    0.29999999999999993,
    0.3,
    -0.5,
    1.4999999999999998,
    0.7,
    0.3,
    0.29999999999999993,
    -0.49999999999999994,
    1.0999999999999999,
    0.7,
    -0.49999999999999994,
    1.4999999999999998,
    -0.8999999999999999,
    0.7,
    0.7,
    0.29999999999999993,
    0.7,
    -0.5000000000000001,
    -0.5000000000000001,
    -0.10000000000000003,
    -0.10000000000000003,
    1.0999999999999999,
    0.3,
    1.4999999999999998,
    1.0999999999999999,
    1.0999999999999999,
    0.3,
    0.3,
    0.3,
    -0.10000000000000009,
    0.29999999999999993,
    0.29999999999999993,
    0.3,
    0.7,
    -0.10000000000000003,
    0.7,
    -0.10000000000000009,
    0.7,
    0.7,
    0.3,
    1.0999999999999999,
    -0.5,
    0.29999999999999993,
    0.7,
    0.7,
    0.7,
    -0.5,
    0.7,
    0.7,
    0.7,
    -0.5,
    0.7,
    1.0999999999999999
  ]
}