{
  "epoch": 130,
  "baseline_score": 0.895,
  "candidate_score": 0.8925,
  "accepted": false,
  "prune_baseline_score": null,
  "prune_candidate_score": null,
  "prune_accepted": null,
  "weights": [
    -0.0949877811381315,
    -0.3768950449522635,
    0.13830581992772756,
    0.03436752375370983,
    0.7742593607242481,
    -0.3177062750607061,
    -0.775488096674356,
    0.26834642321761065,
    -0.2706032292740456,
    -0.48740008929289974,
    0.7468775596226787,
    1.1576500313137406,
    -1.0046406581642102,
    0.18402983026384906,
    0.38410715752081565,
    0.3732814569450777,
    0.1631771136462024,
    -0.31772310359826933,
    0.13388199675404316,
    -0.10946360663997629,
    -1.3161973204535613,
    0.44811112350246446,
    0.9131789493342917,
    0.30092217880091715,
    -0.17992479221283658,
    1.0344377926705306,
    0.4385984422762674,
    0.293748767448653,
    0.763959463559414,
    -1.1232163474269152,
    1.4270723416976532,
    -0.8394105259841012,
    0.21462882823258994,
    -0.6925343074064889,
    1.054549715240681,
    1.0597819610411268,
    -0.4740916986277543,
    0.29448870539833366,
    -0.09862426248289097,
    -1.3145734973948187,
    0.6828069156247876,
    0.2455628304016904,
    0.0344057092865247,
    0.7471616480145389,
    -0.7309779176967757,
    0.2503237854591857,
    0.04790005782588219,
    0.21576083946071195,
    -0.7561845015497364,
    0.6656461445230528,
    -1.24040868191064,
    0.9593656225825173,
    -0.5385183132642288,
    -0.07902537365687684,
    0.8127954833779636,
    0.6415687643817791,
    1.5486675644883467,
    -0.3541636649062668,
    -1.1024218918932158,
    0.9065711537158312,
    -0.22989361746378895,
    -0.6989144429505731,
    -1.3868390075847126,
    0.46693775755641015,
    0.06571019626358682,
    -1.4405255536161996,
    1.3865998560778967,
    -0.09726928564233611,
    0.3136166680026717,
    0.9597438783963539,
    0.7756364736451202,
    0.19664949975420504,
    -0.6377119313635697,
    -1.0422175830629816,
    -0.7499491875173776,
    1.3908139927516328,
    -1.539184765207434,
    0.15418446143523462,
    0.34549557877761644,
    -0.2781377374452269,
    -0.8648934502984365,
    0.5751727844458936,
    0.03552399486747665,
    -0.30105738003094423,
    0.17349551070829022,
    -0.10018047580942574,
    -0.3267968027265043,
    0.10753172981016385,
    -0.8284395391673085,
    1.22548961696686,
    -0.5606940661086988,
    0.6786542136435092,
    -0.7610203821770756,
    -0.7573317558885881,
    -0.17253740385403465,
    0.23833411154475242,
    -0.6350502836310696,
    0.43644898601352583,
    0.18071784846764133,
    0.2461786247276298,
    0.239576946903794,
    -1.3206273271750224,
    0.4825948041619303,
    0.05969457262828454,
    -0.3476199343123118,
    -0.40147656217782773,
    0.08652683073016781,
    -0.32748146034389275,
    -0.7836244867500621,
    0.24733132397251817,
    -0.05312521367313999,
    -0.0736929647610271,
    0.9474696596856442,
    0.6301533920831772,
    0.5047746711767658,
    -0.1761950557292416,
    -0.7798624510199446,
    -0.4902023145906617,
    0.8285327246797096,
    1.2528614479384002,
    -1.9744784171730079,
    -0.020311984033717867,
    -0.14575175717869499,
    0.25420406747310814,
    -0.37193820121851745,
    -0.7558757287238587,
    -0.45413612445285395,
    0.12190811958472442,
    0.009433348715616574,
    0.9695197878762032,
    0.2685173966613878,
    -0.10058181376980518,
    -0.3150238985844985,
    -1.723750161411524,
    0.2235857787154591,
    -0.13330563597558936,
    -0.9067078076903683,
    0.2501646570558838,
    -0.9392354844693687,
    1.2745350374631461,
    -0.8676747533086513,
    -1.3638650505020606,
    0.28942991106703625,
    -0.46342577808879176,
    -1.6292913675357696,
    0.252216755236132,
    0.8461765698767536,
    -0.39112063097768496,
    0.5738716744747425,
    -0.26244823129876177,
    -0.6639325281222221,
    1.6408902497029014,
    -0.9145538905744819,
    -0.7597703132089244,
    -0.3082547773115916,
    0.9920950384005212,
    0.07386441731065035,
    -0.10050683521231601,
    -0.2959819456544717,
    -1.3576133896920604,
    -0.6514026770157373,
    0.3179285411689223,
    -0.17801146783082883,
    -0.6272632059012471,
    1.3726187974371766,
    0.3770706248679649,
    -0.0023356762032807343,
    0.9132335692478766,
    1.3136568406099867,
    0.5235416552162213,
    -0.20816583568659314,
    0.4972145904682293,
    -1.2469498056196375,
    -0.3277668756137809,
    1.5060011507671187,
    0.5036103262625224,
    0.9654040390768679,
    -0.5082721385379347,
    0.7587464876221159,
    -1.1662526947935445,
    0.24908849740701172,
    -0.938627584893337,
    1.5964050986269513,
    0.8261658430197651,
    -0.6456218576083277,
    -1.2526061509280488,
    -0.444678605458758,
    -0.8337129912302246,
    0.6062517791956075,
    0.4700337786744428,
    -0.508796376465801,
    1.5717454477420914,
    -0.5776709180369248,
    0.5545330510022279,
    0.36956145206775987,
    0.2880870611204374,
    -0.11369813842525339,
    -0.20610011097273723,
    -1.8140553892767983,
    0.4661167560765704,
    0.12061343491982329,
    -0.6451224052049214,
    -0.22473645732896613,
    -0.8702111386880755,
    0.44050559571839815,
    -0.4402911473082976,
    0.6536372489742901,
    0.24544963392183378,
    0.3318869601480851,
    1.2592556712747618,
    -0.5289763045360978,
    -0.685160141379509,
    -0.6437906017084971,
    -0.04241489208064558,
    -0.023237682239567403,
    0.6059790257260131,
    -0.022142855746194845,
    -0.7246800572542602,
    -1.980024441204703,
    -0.4953967970589834,
    0.32176490938815955,
    0.8688195303320536,
    0.6806487078232848,
    0.6161314252079408,
    -0.029147453800935585,
    -0.8679466698117568,
    -0.17472005849480549,
    -0.3557547989806423,
    -0.42795959735197225,
    0.10891352171441654,
    -0.8323434198296302,
    0.4384102554081954,
    -0.5529313359724697,
    -0.33464702040130617,
    -0.274561130406399,
    -0.0510509837595467,
    -1.356920835875192,
    -0.750009838808569,
    1.0712600242892258,
    -1.220124154263903,
    0.24269485793200402,
    1.6835668023446817,
    -1.925468057079987,
    0.21626406303154605,
    0.45849955448463425,
    0.2266274563495358,
    1.2902023083348995,
    -0.596496165758343,
    0.23847511887917677,
    0.9709824691314661,
    0.7863146105766019,
    1.058365641342981,
    0.1898057360955116,
    -0.41898936527168057,
    0.017156507213825944,
    1.3588565793495442,
    0.9503952268969118,
    -0.843200787789461,
    1.2697946575316994,
    -1.1916650170479377,
    0.7336070066061766,
    -0.8743435254911203,
    -0.5303656397943408,
    0.18766179374342623,
    -0.4285570937195405,
    -0.19980645143167347,
    0.16869079454392405,
    0.1741388072777736,
    -0.3103839247388341,
    0.27705758116664786,
    0.06209994579180317,
    -0.4441953089922214,
    0.5749096147990609,
    0.6644780408424522,
    -0.39892769009666523,
    0.5242587584138221,
    -0.14920799016937009,
    -0.15768490980840616,
    0.19012480860228814,
    -0.04270022408437807,
    -0.8914698373249832,
    0.7682138389780557,
    -0.7425040338971063,
    -0.5617489633882189,
    -1.2942082725861814,
    1.7028332372054864,
    1.5515418558876066,
    0.8831613686751427,
    0.7630667426137581,
    -0.34695836155026943,
    0.7650434437747582,
    0.5811607836086101,
    -0.5135639593393051,
    -0.07332912965667976,
    -0.192074333999166,
    0.04506498857292679,
    -0.4429236632595815,
    0.27546951375573164,
    -0.4658717948978039,
    0.2851143047833346,
    0.1897398990252262,
    -0.34843299271124034,
    0.1783704286988907,
    0.7813345718115996,
    0.22554315058987046,
    0.7373319055245473,
    0.11467808663907159,
    0.8964623757784462,
    0.35807884754310076,
    1.0974575969152247,
    0.41474833335946243,
    0.4527905813782141,
    -0.41307745844033933,
    -1.960768531756124,
    1.3092990209853261,
