{
  "epoch": 1240,
  "baseline_score": 0.99,
  "candidate_score": 0.99,
  "accepted": false,
  "prune_baseline_score": 0.99,
  "prune_candidate_score": 0.99,
  "prune_accepted": false,
  "weights": [
    -0.9589877811381315,
    -0.6648950449522635,
    0.42630581992772754,
    0.3223675237537098,
    1.6382593607242482,
    -0.02970627506070611,
    -1.6394880966743561,
    0.5563464232176105,
    -0.5586032292740456,
    -1.3514000892928997,
    0.4588775596226787,
    0.8696500313137405,
    -1.2926406581642103,
    -1.255970169736151,
    -0.4798928424791843,
    1.2372814569450776,
    0.4511771136462024,
    -1.1817231035982694,
    -0.15411800324595681,
    0.1785363933600237,
    -1.0281973204535613,
    0.16011112350246448,
    0.6251789493342916,
    -0.5630778211990828,
    0.1080752077871634,
    0.7464377926705306,
    0.7265984422762672,
    -0.5702512325513469,
    1.6279594635594141,
    -0.2592163474269152,
    1.7150723416976532,
    -1.7034105259841013,
    -0.64937117176741,
    -0.980534307406489,
    1.9185497152406812,
    0.7717819610411267,
    -0.7620916986277542,
    0.006488705398333683,
    -1.538624262482891,
    -1.0265734973948186,
    0.3948069156247876,
    -0.042437169598309565,
    1.4744057092865248,
    1.035161648014539,
    -0.4429779176967757,
    -0.03767621454081427,
    -0.8160999421741177,
    0.5037608394607118,
    -1.6201845015497365,
    0.9536461445230529,
    -1.52840868191064,
    0.6713656225825173,
    -1.402518313264229,
    0.20897462634312314,
    1.6767954833779637,
    0.35356876438177914,
    1.8366675644883468,
    -0.0661636649062668,
    -0.8144218918932158,
    1.1945711537158312,
    0.05810638253621103,
    -0.9869144429505732,
    -0.5228390075847125,
    1.33093775755641,
    0.9297101962635868,
    -1.1525255536161996,
    -0.05340014392210335,
    -0.9612692856423362,
    0.025616668002671705,
    1.247743878396354,
    1.0636364736451203,
    0.484649499754205,
    -0.9257119313635698,
    -1.9062175830629817,
    -1.6139491875173777,
    1.6788139927516328,
    -1.251184765207434,
    -0.1338155385647653,
    0.05749557877761646,
    -0.5661377374452268,
    -0.5768934502984364,
    1.4391727844458937,
    0.3235239948674766,
    -1.1650573800309443,
    -0.11450448929170975,
    0.18781952419057424,
    -0.6147968027265043,
    -0.7564682701898361,
    -1.1164395391673085,
    2.66548961696686,
    -0.2726940661086988,
    -0.18534578635649074,
    -1.6250203821770757,
    -0.46933175588858816,
    -0.4605374038540347,
    0.5263341115447524,
    -0.9230502836310697,
    0.7244489860135257,
    -0.10728215153235865,
    -1.19382137527237,
    -0.6244230530962059,
    -1.0326273271750224,
    0.1945948041619303,
    -0.8043054273717154,
    -0.05961993431231183,
    -0.6894765621778276,
    0.3745268307301678,
    -0.03948146034389277,
    0.0803755132499378,
    -0.6166686760274818,
    0.8108747863268599,
    0.21430703523897288,
    0.6594696596856442,
    0.34215339208317724,
    0.2167746711767658,
    0.6878049442707583,
    0.08413754898005538,
    -0.7782023145906617,
    1.1165327246797097,
    1.5408614479384002,
    -1.6864784171730078,
    -0.8843119840337179,
    0.718248242821305,
    -0.6097959325268918,
    -1.2359382012185174,
    -1.0438757287238587,
    -0.7421361244528539,
    -0.16609188041527556,
    -0.2785666512843834,
    0.6815197878762032,
    -0.019482603338612292,
    -0.9645818137698052,
    -0.027023898584498496,
    -2.5877501614115235,
    1.087585778715459,
    -0.4213056359755894,
    -1.7707078076903684,
    -0.03783534294411617,
    -0.07523548446936867,
    0.41053503746314607,
    -1.1556747533086513,
    -2.2278650505020607,
    0.5774299110670362,
    -1.3274257780887917,
    -2.4932913675357695,
    1.116216755236132,
    1.1341765698767536,
    -0.6791206309776849,
    0.28587167447474254,
    0.6015517687012382,
    -0.9519325281222222,
    1.9288902497029015,
    -1.778553890574482,
    -1.0477703132089244,
    -0.5962547773115916,
    1.2800950384005212,
    -0.7901355826893497,
    0.18749316478768396,
    -0.007981945654471745,
    -0.4936133896920603,
    0.21259732298426265,
    0.029928541168922296,
    -0.46601146783082875,
    -0.3392632059012471,
    1.0846187974371766,
    0.08907062486796491,
    -0.29033567620328077,
    0.6252335692478765,
    2.1776568406099868,
    -0.3404583447837786,
    0.07983416431340684,
    -0.9427854095317707,
    -1.5349498056196376,
    -0.6157668756137809,
    1.7940011507671187,
    0.21561032626252247,
    1.253404039076868,
    -1.3722721385379348,
    1.046746487622116,
    -0.8782526947935445,
    -0.038911502592988256,
    -0.6506275848933369,
    1.3084050986269513,
    -0.6138341569802348,
    0.21837814239167225,
    -2.6926061509280483,
    -1.884678605458758,
    -0.5457129912302245,
    0.3182517791956075,
    0.7580337786744427,
    -0.22079637646580103,
    1.8597454477420914,
    -0.8656709180369249,
    0.26653305100222796,
    0.6575614520677597,
    0.5760870611204374,
    -0.9776981384252534,
    0.0818998890272627,
    -2.1020553892767984,
    0.1781167560765703,
    0.9846134349198232,
    -1.5091224052049215,
    -0.5127364573289661,
    -1.1582111386880756,
    0.15250559571839817,
    -0.15229114730829763,
    -0.21036275102570984,
    1.1094496339218338,
    0.6198869601480851,
    0.9712556712747618,
    -0.2409763045360978,
    -0.973160141379509,
    -0.35579060170849713,
    -0.3304148920806456,
    -0.3112376822395673,
    0.31797902572601316,
    -0.8861428557461948,
    -1.5886800572542603,
    -1.692024441204703,
    -0.7833967970589832,
    0.03376490938815957,
    1.7328195303320537,
    0.9686487078232848,
    0.32813142520794086,
    -1.4691474538009357,
    -0.5799466698117568,
    -1.0387200584948055,
    -0.0677547989806423,
    0.4360404026480277,
    -0.17908647828558344,
    -0.5443434198296302,
    1.3024102554081953,
    -0.2649313359724697,
    0.5293529795986938,
    -0.5625611304063989,
    0.23694901624045334,
    -1.6449208358751921,
    0.689990161191431,
    0.20726002428922585,
    -1.508124154263903,
    -0.6213051420679959,
    1.9715668023446817,
    -1.6374680570799869,
    1.080264063031546,
    1.3224995544846343,
    0.5146274563495358,
    0.4262023083348994,
    -0.884496165758343,
    0.5264751188791768,
    0.6829824691314661,
    0.4983146105766019,
    0.7703656413429809,
    1.0538057360955115,
    -1.8589893652716807,
    -0.2708434927861741,
    1.6468565793495442,
    0.08639522689691181,
    -0.5552007877894609,
    2.1337946575316993,
    -2.0556650170479376,
    1.0216070066061766,
    -1.1623435254911203,
    -0.24236563979434084,
    0.4756617937434262,
    -0.1405570937195405,
    -0.4878064514316734,
    0.45669079454392403,
    -0.6898611927222263,
    -0.022383924738834104,
    1.141057581166648,
    0.35009994579180315,
    0.4198046910077785,
    1.438909614799061,
    0.37647804084245223,
    0.4650723099033347,
    0.8122587584138221,
    -0.43720799016937,
    0.13031509019159382,
    0.4781248086022881,
    0.24529977591562196,
    -1.1794698373249832,
    1.0562138389780558,
    0.12149596610289365,
    -0.8497489633882189,
    -2.1582082725861813,
    3.142833237205486,
    2.4155418558876063,
    0.5951613686751427,
    -0.6769332573862419,
    -0.058958361550269456,
    1.6290434437747583,
    0.8691607836086102,
    0.35043604066069484,
    -0.36132912965667974,
    -0.480074333999166,
    0.9090649885729267,
    -1.3069236632595815,
    -0.012530486244268335,
    -0.7538717948978039,
    1.1491143047833345,
    0.47773989902522623,
    0.5155670072887596,
    1.0423704286988906,
    0.4933345718115996,
    1.0895431505898705,
    0.4493319055245473,
    0.40267808663907156,
    0.6084623757784462,
    0.07007884754310079,
    0.8094575969152247,
    0.7027483333594624,
    -0.9872094186217859,
    -0.12507745844033935,
    -2.8247685317561237,
    2.173299020985326,
    -1.946354140185552,
