{
  "epoch": 140,
  "baseline_score": 0.93,
  "candidate_score": 0.93,
  "accepted": false,
  "prune_baseline_score": null,
  "prune_candidate_score": null,
  "prune_accepted": null,
  "weights": [
    -0.6709877811381315,
    0.19910495504773645,
    0.13830581992772756,
    0.03436752375370983,
    0.7742593607242481,
    -0.8937062750607061,
    -0.775488096674356,
    0.26834642321761065,
    -0.2706032292740456,
    -0.48740008929289974,
    0.7468775596226787,
    1.1576500313137406,
    -0.4286406581642102,
    -0.3919701697361509,
    0.38410715752081565,
    0.9492814569450776,
    0.1631771136462024,
    -0.31772310359826933,
    -0.4421180032459568,
    -0.10946360663997629,
    -0.7401973204535612,
    0.44811112350246446,
    1.4891789493342917,
    -0.2750778211990828,
    -0.17992479221283658,
    1.0344377926705306,
    1.0145984422762673,
    -0.28225123255134693,
    0.763959463559414,
    -1.1232163474269152,
    2.0030723416976532,
    -1.4154105259841012,
    0.21462882823258994,
    -0.6925343074064889,
    1.6305497152406812,
    1.0597819610411268,
    -1.0500916986277542,
    0.29448870539833366,
    -0.6746242624828909,
    -1.3145734973948187,
    0.10680691562478761,
    -0.33043716959830954,
    0.6104057092865247,
    0.7471616480145389,
    -0.7309779176967757,
    -0.32567621454081425,
    -0.5280999421741177,
    0.7917608394607119,
    -1.3321845015497364,
    0.6656461445230528,
    -1.24040868191064,
    0.38336562258251733,
    -1.114518313264229,
    0.4969746263431231,
    1.3887954833779637,
    0.6415687643817791,
    1.5486675644883467,
    -0.3541636649062668,
    -1.1024218918932158,
    0.9065711537158312,
    -0.22989361746378895,
    -1.2749144429505732,
    -1.3868390075847126,
    1.04293775755641,
    0.06571019626358682,
    -2.0165255536161997,
    0.8105998560778966,
    -0.6732692856423361,
    0.3136166680026717,
    0.9597438783963539,
    0.7756364736451202,
    0.19664949975420504,
    -0.6377119313635697,
    -1.6182175830629817,
    -1.3259491875173777,
    1.3908139927516328,
    -1.539184765207434,
    0.7301844614352346,
    0.34549557877761644,
    -0.8541377374452268,
    -0.8648934502984365,
    1.1511727844458937,
    0.03552399486747665,
    -0.8770573800309442,
    0.17349551070829022,
    0.4758195241905742,
    -0.3267968027265043,
    -0.4684682701898361,
    -0.8284395391673085,
    1.8014896169668602,
    0.015305933891301193,
    0.6786542136435092,
    -0.7610203821770756,
    -1.3333317558885882,
    -0.7485374038540347,
    0.23833411154475242,
    -1.2110502836310697,
    1.0124489860135257,
    0.18071784846764133,
    -0.32982137527237015,
    0.239576946903794,
    -1.3206273271750224,
    0.4825948041619303,
    0.05969457262828454,
    -0.3476199343123118,
    -0.9774765621778276,
    0.08652683073016781,
    0.2485185396561072,
    -0.20762448675006218,
    -0.3286686760274818,
    -0.05312521367313999,
    -0.0736929647610271,
    0.9474696596856442,
    0.6301533920831772,
    0.5047746711767658,
    -0.1761950557292416,
    -0.2038624510199446,
    -0.4902023145906617,
    0.8285327246797096,
    1.2528614479384002,
    -1.9744784171730079,
    -0.020311984033717867,
    -0.14575175717869499,
    0.25420406747310814,
    -0.9479382012185174,
    -1.3318757287238587,
    -1.030136124452854,
    0.12190811958472442,
    0.009433348715616574,
    0.9695197878762032,
    0.8445173966613877,
    -0.10058181376980518,
    0.2609761014155015,
    -2.2997501614115237,
    0.2235857787154591,
    -0.7093056359755894,
    -0.9067078076903683,
    0.2501646570558838,
    -0.36323548446936865,
    0.698535037463146,
    -0.8676747533086513,
    -1.3638650505020606,
    -0.2865700889329637,
    -1.0394257780887917,
    -2.2052913675357697,
    0.8282167552361319,
    1.4221765698767537,
    -0.39112063097768496,
    0.5738716744747425,
    0.3135517687012382,
    -1.2399325281222222,
    1.6408902497029014,
    -0.9145538905744819,
    -0.7597703132089244,
    -0.8842547773115916,
    0.9920950384005212,
    -0.5021355826893497,
    -0.10050683521231601,
    -0.2959819456544717,
    -0.7816133896920603,
    -0.6514026770157373,
    0.3179285411689223,
    -0.17801146783082883,
    -1.2032632059012471,
    0.7966187974371766,
    0.3770706248679649,
    -0.5783356762032807,
    0.33723356924787656,
    1.8896568406099867,
    0.5235416552162213,
    0.3678341643134068,
    -0.07878540953177066,
    -1.2469498056196375,
    0.24823312438621908,
    1.5060011507671187,
    0.5036103262625224,
    0.9654040390768679,
    -1.0842721385379348,
    0.7587464876221159,
    -0.5902526947935445,
    0.24908849740701172,
    -0.36262758489333696,
    1.0204050986269513,
    0.25016584301976513,
    -0.06962185760832773,
    -1.828606150928049,
    -1.020678605458758,
    -0.8337129912302246,
    0.6062517791956075,
    0.4700337786744428,
    0.06720362353419895,
    1.5717454477420914,
    -1.153670918036925,
    0.5545330510022279,
    0.9455614520677598,
    0.8640870611204374,
    -0.6896981384252534,
    -0.7821001109727372,
    -2.390055389276798,
    1.0421167560765703,
    0.6966134349198232,
    -0.6451224052049214,
    -0.8007364573289661,
    -1.4462111386880756,
    0.44050559571839815,
    -0.4402911473082976,
    0.6536372489742901,
    0.8214496339218338,
    0.3318869601480851,
    0.6832556712747617,
    -0.5289763045360978,
    -1.261160141379509,
    -1.2197906017084972,
    -0.04241489208064558,
    0.5527623177604326,
    0.6059790257260131,
    -0.5981428557461947,
    -1.3006800572542603,
    -1.980024441204703,
    -1.0713967970589833,
    0.32176490938815955,
    1.4448195303320537,
    0.6806487078232848,
    0.040131425207940885,
    -0.6051474538009356,
    -0.8679466698117568,
    -0.7507200584948055,
    -0.9317547989806423,
    -0.42795959735197225,
    -0.4670864782855834,
    -0.8323434198296302,
    1.0144102554081953,
    -0.5529313359724697,
    0.24135297959869378,
    -0.8505611304063989,
    -0.6270509837595466,
    -0.780920835875192,
    -0.17400983880856902,
    1.0712600242892258,
    -1.796124154263903,
    -0.33330514206799594,
    2.2595668023446818,
    -1.925468057079987,
    0.7922640630315461,
    1.0344995544846343,
    -0.34937254365046416,
    1.2902023083348995,
    -0.596496165758343,
    0.23847511887917677,
    0.9709824691314661,
    0.7863146105766019,
    0.48236564134298093,
    0.1898057360955116,
    -0.9949893652716806,
    0.5931565072138258,
    1.3588565793495442,
    0.9503952268969118,
    -0.843200787789461,
    1.8457946575316995,
    -1.1916650170479377,
    1.3096070066061767,
    -0.29834352549112025,
    0.04563436020565914,
    0.18766179374342623,
    0.14744290628045947,
    -0.7758064514316734,
    0.16869079454392405,
    0.1741388072777736,
    0.2656160752611659,
    0.8530575811666479,
    0.06209994579180317,
    -0.4441953089922214,
    0.5749096147990609,
    0.08847804084245225,
    0.17707230990333472,
    -0.05174124158617788,
    -0.72520799016937,
    -0.15768490980840616,
    -0.3858751913977118,
    0.5332997759156219,
    -1.4674698373249833,
    0.19221383897805577,
    -0.16650403389710633,
    -1.137748963388219,
    -1.2942082725861814,
    2.2788332372054865,
    2.1275418558876065,
    0.8831613686751427,
    0.1870667426137581,
    -0.34695836155026943,
    0.7650434437747582,
    0.5811607836086101,
    -0.5135639593393051,
    -0.07332912965667976,
    -0.192074333999166,
    0.04506498857292679,
    -1.0189236632595815,
    0.27546951375573164,
    -0.4658717948978039,
    0.8611143047833345,
    0.7657398990252262,
    -0.34843299271124034,
    0.7543704286988906,
    0.7813345718115996,
    0.8015431505898705,
    0.7373319055245473,
    0.11467808663907159,
    0.8964623757784462,
    -0.2179211524568992,
    1.0974575969152247,
    0.41474833335946243,
    -0.12320941862178586,
    -0.41307745844033933,
    -1.960768531756124,
    1.3092990209853261,
    -1.0823541401855519,
