{
  "epoch": 30,
  "baseline_score": 0.8275,
  "candidate_score": 0.8275,
  "accepted": false,
  "prune_baseline_score": null,
  "prune_candidate_score": null,
  "prune_accepted": null,
  "weights": [
    0.0970122188618685,
    -0.6648950449522635,
    -0.14969418007227242,
    0.3223675237537098,
    1.062259360724248,
    -1.085706275060706,
    -0.967488096674356,
    -0.019653576782389326,
    0.49739677072595434,
    0.2805999107071002,
    0.4588775596226786,
    0.8696500313137405,
    -0.7166406581642102,
    0.47202983026384904,
    0.09610715752081567,
    -0.39471854305492227,
    0.4511771136462024,
    -0.12572310359826933,
    -0.15411800324595681,
    0.1785363933600237,
    -1.1241973204535614,
    1.2161111235024644,
    0.7211789493342917,
    0.10892217880091715,
    0.1080752077871634,
    0.2664377926705306,
    0.1505984422762674,
    1.061748767448653,
    0.475959463559414,
    -0.9312163474269153,
    0.6590723416976532,
    -0.6474105259841012,
    0.5026288282325899,
    -0.4045343074064889,
    1.3425497152406811,
    0.7717819610411267,
    -0.18609169862775432,
    0.5824887053983336,
    0.189375737517109,
    -1.5065734973948186,
    0.39480691562478754,
    0.05356283040169041,
    0.3224057092865247,
    0.45916164801453885,
    -0.9229779176967756,
    -0.5176762145408143,
    0.33590005782588217,
    -0.07223916053928803,
    -1.0441845015497364,
    0.3776461445230528,
    -0.4724086819106399,
    0.19136562258251733,
    -0.2505183132642288,
    0.20897462634312314,
    0.5247954833779636,
    0.3535687643817791,
    0.7806675644883467,
    -0.6421636649062668,
    -1.3904218918932159,
    0.7145711537158312,
    -0.5178936174637889,
    -0.4109144429505731,
    -1.0988390075847125,
    0.17893775755641017,
    -0.22228980373641316,
    -1.1525255536161996,
    1.1945998560778968,
    -0.3852692856423361,
    0.025616668002671705,
    0.6717438783963539,
    0.007636473645120212,
    0.484649499754205,
    -0.3497119313635697,
    -1.2342175830629816,
    -1.0379491875173776,
    1.1988139927516328,
    -0.771184765207434,
    0.4421844614352346,
    0.6334955787776164,
    0.009862262554773071,
    -1.0568934502984364,
    -0.19282721555410642,
    -0.15647600513252335,
    -0.5890573800309442,
    -0.11450448929170975,
    0.18781952419057424,
    -0.6147968027265043,
    -0.18046827018983613,
    -1.1164395391673085,
    0.9374896169668601,
    -0.3686940661086988,
    0.48665421364350925,
    0.006979617822924444,
    -0.5653317558885882,
    -0.46053740385403463,
    0.04633411154475242,
    0.13294971636893038,
    -0.33155101398647413,
    0.9487178484676413,
    -0.041821375272370176,
    -0.04842305309620598,
    -1.0326273271750224,
    0.1945948041619303,
    -0.13230542737171547,
    -0.5396199343123118,
    0.3665234378221722,
    -0.6814731692698321,
    -1.0954814603438927,
    -1.0716244867500622,
    0.055331323972518165,
    -0.34112521367313997,
    -0.2656929647610271,
    0.1794696596856442,
    0.8221533920831772,
    0.31277467117676583,
    -0.4641950557292416,
    -0.5878624510199446,
    0.27779768540933825,
    0.5405327246797096,
    0.9648614479384001,
    -1.2064784171730079,
    0.17168801596628214,
    -0.337751757178695,
    0.06220406747310814,
    0.3960617987814825,
    -0.5638757287238587,
    -0.7421361244528539,
    -0.16609188041527556,
    -0.7585666512843834,
    0.6815197878762032,
    -0.49948260333861216,
    -0.38858181376980516,
    -0.6030238985844985,
    -1.435750161411524,
    -0.06441422128454088,
    0.05869436402441064,
    -1.0987078076903682,
    0.5381646570558838,
    -1.1312354844693686,
    0.9865350374631461,
    -0.5796747533086513,
    -1.0758650505020606,
    0.09742991106703625,
    -0.6554257780887918,
    -0.8612913675357696,
    -0.03578324476386796,
    0.5581765698767536,
    -0.19912063097768495,
    0.8618716744747426,
    -0.5504482312987617,
    0.10406747187777787,
    0.8728902497029014,
    -1.1065538905744818,
    -0.4717703132089244,
    -0.5962547773115916,
    0.7040950384005211,
    -0.21413558268934962,
    -0.388506835212316,
    -1.0639819456544717,
    -0.5896133896920603,
    -0.45940267701573734,
    0.029928541168922296,
    0.5899885321691711,
    -0.4352632059012471,
    0.6046187974371766,
    0.08907062486796491,
    0.18966432379671927,
    0.6252335692478765,
    1.0256568406099866,
    0.23554165521622128,
    -0.40016583568659314,
    0.7852145904682293,
    -1.5349498056196376,
    -0.6157668756137809,
    1.3140011507671188,
    0.2156103262625224,
    1.1574040390768678,
    -1.2762721385379348,
    0.4707464876221159,
    -0.3982526947935445,
    -0.5189115025929882,
    -1.226627584893337,
    1.4044050986269514,
    1.018165843019765,
    -0.9336218576083277,
    -1.0606061509280489,
    -0.252678605458758,
    -1.1217129912302246,
    0.7982517791956074,
    -0.29796622132555717,
    -0.31679637646580106,
    0.8037454477420913,
    -0.7696709180369248,
    0.2665330510022279,
    -0.3984385479322401,
    0.5760870611204374,
    -0.40169813842525337,
    -0.4941001109727372,
    -1.6220553892767984,
    0.1781167560765704,
    0.3126134349198233,
    -0.9331224052049214,
    -0.5127364573289661,
    -0.5822111386880755,
    0.7285055957183981,
    -0.7282911473082976,
    0.84563724897429,
    1.0134496339218337,
    0.04388696014808513,
    0.9712556712747618,
    -0.24097630453609775,
    -0.39716014137950895,
    0.1242093982915029,
    -0.33041489208064556,
    0.7447623177604326,
    0.3179790257260131,
    -0.21414285574619485,
    -0.4366800572542602,
    -1.692024441204703,
    -0.6873967970589834,
    0.03376490938815957,
    0.1008195303320536,
    0.39264870782328476,
    -0.15186857479205917,
    0.16285254619906442,
    -0.09994666981175682,
    -0.46272005849480546,
    -0.16375479898064227,
    -0.6199595973519723,
    -0.17908647828558344,
    -1.1203434198296303,
    0.6304102554081954,
    -0.8409313359724697,
    -0.6226470204013062,
    0.49343886959360095,
    0.23694901624045328,
    -1.068920835875192,
    -1.038009838808569,
    0.7832600242892258,
    -0.45212415426390296,
    0.434694857932004,
    1.4915668023446818,
    -1.157468057079987,
    0.504264063031546,
    0.7464995544846342,
    -0.061372543650464184,
    0.5222023083348994,
    0.17150383424165705,
    0.5264751188791768,
    1.162982469131466,
    0.49831461057660187,
    0.7703656413429809,
    0.3818057360955116,
    -1.1869893652716805,
    -0.750843492786174,
    0.5908565793495442,
    0.7583952268969119,
    -0.651200787789461,
    0.9817946575316994,
    -0.4236650170479377,
    0.4456070066061766,
    -0.10634352549112025,
    0.2376343602056592,
    0.4756617937434262,
    -0.23655709371954048,
    0.08819354856832651,
    0.45669079454392403,
    0.3661388072777736,
    -0.5983839247388341,
    0.5650575811666478,
    -0.2259000542081968,
    -0.15619530899222145,
    0.28690961479906085,
    0.9524780408424522,
    -1.1669276900966652,
    -0.24374124158617794,
    -0.3412079901693701,
    -0.44568490980840614,
    -0.5778751913977118,
    0.2452997759156219,
    -1.0834698373249831,
    0.4802138389780557,
    -0.5505040338971063,
    0.20625103661178112,
    -1.0062082725861814,
    1.4148332372054864,
    0.7835418558876066,
    1.1711613686751428,
    0.5710667426137581,
    -0.15495836155026943,
    0.47704344377475816,
    0.3891607836086102,
    -0.32156395933930515,
    -0.26532912965667976,
    -7.433399916600969e-05,
    -0.2429350114270732,
    -0.2509236632595815,
    -0.012530486244268335,
    -0.6578717948978039,
    -0.48288569521666536,
    0.4777398990252262,
    -0.5404329927112403,
    -0.10962957130110929,
    0.9733345718115995,
    0.5135431505898704,
    0.5453319055245474,
    0.40267808663907156,
    0.7044623757784463,
    0.6460788475431007,
    0.9054575969152248,
    0.22274833335946242,
    0.7407905813782141,
    -0.6050774584403393,
    -1.672768531756124,
