{
  "epoch": 40,
  "baseline_score": 0.84,
  "candidate_score": 0.84,
  "accepted": false,
  "prune_baseline_score": null,
  "prune_candidate_score": null,
  "prune_accepted": null,
  "weights": [
    0.21627019666921177,
    -0.060771959741267034,
    0.6337058280053693,
    -0.2665827281823747,
    0.09011134451862124,
    0.7397212296764881,
    -0.3291031971550029,
    -0.9598963621959864,
    -0.12269517068021352,
    0.4304425195010424,
    -0.1136785879759441,
    0.43707308636472497,
    -0.04948581742167857,
    -0.49643988997712896,
    0.7581174468549043,
    0.5922386303588194,
    -0.3110749600238558,
    1.111413426298665,
    0.3723292333984911,
    -0.5504179913980298,
    0.23626250563295303,
    -0.6467685549823343,
    0.5804140263668514,
    0.11548318923357237,
    0.426695659485421,
    0.44434177964212873,
    0.09849439334352428,
    0.5143058069269804,
    0.6103403747551135,
    0.4075780127372428,
    0.17866305589701637,
    -0.6336916030956585,
    1.233213256034782,
    0.02723788986077902,
    -1.042328008629406,
    -1.1954058723129424,
    -0.11863751163801628,
    0.19877978455959933,
    -0.6757244576988706,
    0.5917736897671009,
    0.3981704846199783,
    0.042554454571423816,
    0.43913404233811426,
    -0.6486178133948526,
    -1.160555036255433,
    -0.6914177672406077,
    -0.6501226283321799,
    -0.5992801761459077,
    -0.7572513112252075,
    -0.2921763742640333,
    0.16359264231066994,
    0.2790553565394416,
    -1.2350648135729305,
    0.8926026540005063
  ],
  "i_consts": [
    20.0,
    0.0,
    20.0,
    0.0,
    20.0,
    0.0,
    20.0,
    0.0,
    0.0,
    20.0,
    -20.0,
    0.0,
    0.0,
    30.0,
    -20.0,
    30.0,
    -20.0,
    30.0,
    -10.0
  ],
  "delta": 0.24,
  "i_delta": 5.0
}